77.86,уверен,уверить,AdjPtcp
66.62,написано,написать,Ptcp
62.64,положено,положить,AdjPtcp
54.80,сказано,сказать,Ptcp
46.18,спит,спать,AdjPtcp
42.59,принято,принимать,AdjPtcp
38.93,обязан,обязать,AdjPtcp
32.33,вынужден,вынудить,AdjPtcp
32.07,данные,дать,NPtcp
31.68,данном,дать,Ptcp
30.50,сделано,сделать,Ptcp
27.24,данным,дать,NPtcp
26.58,занят,занять,AdjPtcp
26.13,открыто,открыть,AdjPtcp
26.06,связано,связать,AdjPtcp
22.80,данных,дать,NPtcp
22.67,виден,видеть,AdjPtcp
21.75,уверены,уверять,AdjPtcp
21.55,открытым,открыть,AdjPtcp
21.16,исключено,исключать,Ptcp
20.84,данный,дать,Ptcp
20.71,убит,убивать,AdjPtcp
20.25,связаны,связать,AdjPtcp
19.99,дано,давать,Ptcp
19.66,заняты,занять,AdjPtcp
19.14,обязаны,обязать,AdjPtcp
18.35,открытой,открыть,AdjPtcp
18.16,связанные,связать,AdjPtcp
17.31,данной,данна,Ptcp
17.24,связан,связать,AdjPtcp
17.05,намерен,намерить,AdjPtcp
17.05,вынуждены,вынуждать,AdjPtcp
16.85,решено,решать,Ptcp
16.07,запрещено,запрещать,Ptcp
15.61,уверена,уверить,AdjPtcp
15.35,одетый,одевать,AdjPtcp
15.28,убежден,убедить,AdjPtcp
15.15,связанных,связать,AdjPtcp
14.89,ранен,ранить,AdjPtcp
14.63,связана,связать,AdjPtcp
14.37,определенной,определить,AdjPtcp
14.11,открытое,открыть,AdjPtcp
14.04,закрытыми,закрыть,AdjPtcp
13.98,вооруженных,вооружить,AdjPtcp
13.85,открытую,открыть,AdjPtcp
13.39,открытыми,открыть,AdjPtcp
12.80,открытый,открыть,AdjPtcp
12.80,определенных,определить,AdjPtcp
12.35,одет,одевать,AdjPtcp
12.28,определенные,определить,AdjPtcp
12.28,открыты,открывать,AdjPtcp
12.21,проклятый,проклясть,AdjPtcp
12.15,расположен,располагать,AdjPtcp
11.69,назначен,назначать,Ptcp
11.63,повышенной,повысить,AdjPtcp
11.63,данного,дать,Ptcp
11.56,открытого,открыть,AdjPtcp
11.23,определенного,определить,AdjPtcp
10.97,открытых,открыть,AdjPtcp
10.78,создан,создавать,Ptcp
10.78,арестован,арестовывать,Ptcp
10.58,закрыты,закрывать,AdjPtcp
10.52,закрыт,закрывать,AdjPtcp
10.52,открыта,открыть,AdjPtcp
10.32,открытые,открыть,AdjPtcp
10.25,открытом,открыть,AdjPtcp
9.99,определенный,определить,AdjPtcp
9.93,уверенный,уверить,AdjPtcp
9.80,лишен,лишить,AdjPtcp
9.73,склонен,склонить,AdjPtcp
9.67,считанные,считать,Ptcp
9.67,написана,написать,Ptcp
9.21,открыт,открывать,AdjPtcp
9.21,сделан,сделать,Ptcp
9.14,приказано,приказывать,Ptcp
9.08,кончено,кончать,AdjPtcp
8.88,расположены,располагать,AdjPtcp
8.82,подчеркнуто,подчеркивать,AdjPtcp
8.69,устроен,устраивать,AdjPtcp
8.69,одетые,одеть,AdjPtcp
8.69,влюблен,влюбить,AdjPtcp
8.69,созданы,создавать,Ptcp
8.56,определенное,определить,AdjPtcp
8.43,написанное,написать,Ptcp
8.36,написаны,написать,Ptcp
8.30,вооруженные,вооружить,AdjPtcp
8.30,сделаны,сделать,Ptcp
8.23,создана,создавать,Ptcp
8.16,вселенной,вселить,NPtcp
8.10,данное,дать,Ptcp
8.10,занята,занимать,AdjPtcp
8.10,сказанное,сказать,Ptcp
7.97,показано,показывать,Ptcp
7.90,поставлен,поставлять,Ptcp
7.84,установлено,устанавливать,Ptcp
7.77,связанный,связать,AdjPtcp
7.77,развитых,развить,AdjPtcp
7.71,одетая,одевать,AdjPtcp
7.71,проклятые,проклясть,AdjPtcp
7.64,почтенный,почесть,AdjPtcp
7.58,принят,принимать,AdjPtcp
7.38,полученные,получать,Ptcp
7.38,закрыта,закрывать,AdjPtcp
7.18,сделана,сделать,Ptcp
7.12,обнаружено,обнаруживать,Ptcp
7.12,указано,указывать,Ptcp
7.12,поражен,поражать,Ptcp
6.99,окруженный,окружать,Ptcp
6.92,сделанные,сделать,Ptcp
6.92,покрытый,покрывать,Ptcp
6.79,образованный,образовать,AdjPtcp
6.79,набитый,набивать,AdjPtcp
6.73,покрытые,покрывать,Ptcp
6.73,проклятая,проклясть,AdjPtcp
6.66,построен,построить,Ptcp
6.66,определенную,определить,AdjPtcp
6.66,намерены,намерить,AdjPtcp
6.60,удивлен,удивлять,AdjPtcp
6.60,обязана,обязать,AdjPtcp
6.60,одеты,одевать,AdjPtcp
6.47,записано,записывать,Ptcp
6.40,определенным,определить,AdjPtcp
6.27,обречен,обрекать,AdjPtcp
6.27,разбитой,разбить,AdjPtcp
6.21,связанное,связать,AdjPtcp
6.21,написан,написать,Ptcp
6.14,освещенный,освещать,Ptcp
6.07,покрыты,покрывать,Ptcp
6.07,расположена,располагать,AdjPtcp
6.01,дана,давать,Ptcp
6.01,дан,давать,Ptcp
6.01,вынуждена,вынуждать,AdjPtcp
6.01,поставлена,поставлять,Ptcp
6.01,определенном,определить,AdjPtcp
6.01,закрытых,закрыть,AdjPtcp
6.01,представлены,представлять,Ptcp
5.94,одетых,одевать,AdjPtcp
5.94,разбитые,разбивать,AdjPtcp
5.94,направлены,направлять,Ptcp
5.94,создано,создавать,Ptcp
5.94,устроена,устраивать,Ptcp
5.88,взят,взять,Ptcp
5.88,данными,дать,NPtcp
5.81,покрыта,покрывать,Ptcp
5.81,пораженный,поражать,Ptcp
5.81,закрыто,закрывать,AdjPtcp
5.81,приняты,принимать,AdjPtcp
5.75,проклятой,проклясть,AdjPtcp
5.75,лишены,лишать,AdjPtcp
5.75,разбитого,разбивать,AdjPtcp
5.68,поставленный,поставлять,Ptcp
5.68,повышенная,повысить,AdjPtcp
5.68,удивленный,удивить,AdjPtcp
5.68,установлены,устанавливать,Ptcp
5.62,изображен,изображать,Ptcp
5.62,занято,занимать,AdjPtcp
5.62,собраны,собирать,Ptcp
5.55,сложенный,сложить,AdjPtcp
5.55,покончено,покончить,Ptcp
5.49,построена,построить,Ptcp
5.42,взятые,взять,Ptcp
5.42,обнаружен,обнаруживать,Ptcp
5.42,полученных,получать,Ptcp
5.36,закрытые,закрыть,AdjPtcp
5.29,данному,дать,Ptcp
5.29,подготовлен,подготовить,Ptcp
5.29,поручено,поручать,Ptcp
5.29,направлен,направлять,AdjPtcp
5.29,закрытой,закрыть,AdjPtcp
5.29,расстрелян,расстреливать,Ptcp
5.29,скрытой,скрыть,AdjPtcp
5.23,отправлен,отправлять,Ptcp
5.23,снят,снимать,AdjPtcp
5.23,заслуженный,заслуживать,AdjPtcp
5.23,приведены,приводить,Ptcp
5.23,напряженной,напрячь,AdjPtcp
5.23,брошенный,бросать,Ptcp
5.16,собранные,собрать,AdjPtcp
5.16,сложенные,слагать,AdjPtcp
5.16,уверенным,уверить,AdjPtcp
5.16,испуганный,испугать,AdjPtcp
5.16,назначенный,назначать,Ptcp
5.09,арестованы,арестовывать,Ptcp
5.09,заведено,заводить,Ptcp
5.03,одета,одевать,AdjPtcp
5.03,закрытым,закрыть,AdjPtcp
5.03,потрясен,потрясать,AdjPtcp
5.03,написанные,написать,Ptcp
5.03,окружен,окружать,AdjPtcp
4.96,поставлены,поставлять,Ptcp
4.96,отдаленный,отдалить,AdjPtcp
4.96,разрешено,разрешать,Ptcp
4.90,направлена,направлять,Ptcp
4.90,обнаружены,обнаруживать,Ptcp
4.90,установлен,установить,Ptcp
4.90,совершено,совершать,Ptcp
4.90,растерянный,растерять,AdjPtcp
4.90,напряженным,напрячь,AdjPtcp
4.90,вызван,вызывать,Ptcp
4.83,окончен,оканчивать,Ptcp
4.83,уполномоченный,уполномочить,NPtcp
4.83,заперта,запирать,Ptcp
4.83,устроено,устраивать,Ptcp
4.83,предусмотрено,предусматривать,Ptcp
4.83,заинтересован,заинтересовывать,AdjPtcp
4.83,открытая,открыть,AdjPtcp
4.77,вызвано,вызывать,Ptcp
4.77,направлено,направлять,Ptcp
4.77,освещенные,освещать,Ptcp
4.77,убеждены,убеждать,AdjPtcp
4.77,найден,находить,Ptcp
4.70,обиженный,обидеть,AdjPtcp
4.70,придумано,придумывать,Ptcp
4.70,установлена,устанавливать,Ptcp
4.70,взятых,взять,Ptcp
4.64,объявлено,объявлять,Ptcp
4.64,доказано,доказывать,Ptcp
4.64,набит,набивать,AdjPtcp
4.64,арестованных,арестовать,NPtcp
4.64,разбитых,разбивать,AdjPtcp
4.64,сказанного,сказать,Ptcp
4.64,позволено,позволять,Ptcp
4.57,отдаленных,отдалить,AdjPtcp
4.57,закрытый,закрыть,AdjPtcp
4.57,покрыт,покрывать,Ptcp
4.51,отдаленные,отдалить,AdjPtcp
4.51,расположенных,располагать,AdjPtcp
4.51,подданных,подать,NPtcp
4.44,созданный,создавать,Ptcp
4.44,замкнутый,замкнуть,AdjPtcp
4.44,распахнутой,распахнуть,Ptcp
4.44,разбит,разбивать,AdjPtcp
4.38,настроен,настраивать,AdjPtcp
4.38,уничтожены,уничтожать,Ptcp
4.38,обречены,обрекать,AdjPtcp
4.38,растопыренными,растопыривать,Ptcp
4.38,разбитый,разбить,AdjPtcp
4.38,замечено,замечать,Ptcp
4.31,скрытый,скрыть,AdjPtcp
4.25,проклятую,проклясть,AdjPtcp
4.25,возбужденный,возбудить,AdjPtcp
4.25,поднятой,подымать,Ptcp
4.25,взволнованный,взволновать,AdjPtcp
4.18,назван,называть,AdjPtcp
4.18,сдержанный,сдержать,AdjPtcp
4.12,данную,дать,Ptcp
4.12,освещенной,освещать,Ptcp
4.12,лишенный,лишить,AdjPtcp
4.12,потеряно,потерять,Ptcp
4.12,закончена,заканчивать,Ptcp
4.12,направленные,направлять,AdjPtcp
4.12,задержан,задерживать,Ptcp
4.12,расстреляны,расстреливать,Ptcp
4.12,совершенное,совершить,AdjPtcp
4.12,совершенной,совершить,AdjPtcp
4.12,расположенный,располагать,AdjPtcp
4.05,покрытая,покрывать,Ptcp
4.05,показана,показывать,Ptcp
4.05,намерена,намерить,AdjPtcp
4.05,закрытого,закрыть,AdjPtcp
4.05,выраженной,выразить,Ptcp
4.05,указанных,указать,AdjPtcp
4.05,вытянутой,вытягивать,AdjPtcp
4.05,решен,решать,Ptcp
4.05,представлен,представлять,Ptcp
3.98,наказан,наказывать,Ptcp
3.98,раскрытыми,раскрыть,AdjPtcp
3.98,расположенные,располагать,AdjPtcp
3.98,посвящена,посвящать,Ptcp
3.98,данная,дать,Ptcp
3.98,устроены,устраивать,Ptcp
3.98,раскрытой,раскрывать,AdjPtcp
3.98,проклятого,проклясть,AdjPtcp
3.98,разбросаны,разбрасывать,Ptcp
3.98,скрытые,скрыть,AdjPtcp
3.98,отмечено,отмечать,Ptcp
3.92,предназначены,предназначать,Ptcp
3.92,поднятым,подымать,Ptcp
3.92,убиты,убивать,AdjPtcp
3.92,сбитый,сбивать,AdjPtcp
3.92,подписан,подписывать,Ptcp
3.92,разбросанные,разбрасывать,Ptcp
3.92,озабоченный,озаботить,AdjPtcp
3.85,избранных,избрать,AdjPtcp
3.85,построено,построить,Ptcp
3.85,протянутой,протягивать,Ptcp
3.85,потрясенный,потрясать,Ptcp
3.85,связанного,связать,AdjPtcp
3.85,выражены,выражать,Ptcp
3.85,озабочен,озаботить,AdjPtcp
3.79,решена,решать,Ptcp
3.79,образованные,образовать,AdjPtcp
3.79,принята,принимать,AdjPtcp
3.79,измученный,измучить,AdjPtcp
3.79,определенная,определить,AdjPtcp
3.79,показаны,показывать,Ptcp
3.79,образованных,образовать,AdjPtcp
3.79,уволен,увольнять,Ptcp
3.79,уничтожен,уничтожать,Ptcp
3.79,закрытом,закрыть,AdjPtcp
3.79,подтянутый,подтянуть,AdjPtcp
3.72,показан,показывать,Ptcp
3.72,составлен,составлять,Ptcp
3.72,занятых,занимать,AdjPtcp
3.72,опубликованы,опубликовывать,Ptcp
3.72,использованы,использовать,Ptcp
3.72,наполненный,наполнять,Ptcp
3.72,проведена,проводить,Ptcp
3.72,взяты,взять,Ptcp
3.72,организованной,организовывать,AdjPtcp
3.66,посвященных,посвящать,Ptcp
3.66,созданного,создавать,Ptcp
3.66,расположенного,располагать,AdjPtcp
3.66,опубликован,опубликовывать,Ptcp
3.66,напряженное,напрячь,AdjPtcp
3.66,поставлено,поставлять,Ptcp
3.66,испуганные,испугать,AdjPtcp
3.59,опубликована,опубликовывать,Ptcp
3.59,полученный,получать,Ptcp
3.59,вооруженный,вооружить,AdjPtcp
3.59,раскаленной,раскалять,AdjPtcp
3.59,лишена,лишать,AdjPtcp
3.59,взволнован,взволновать,AdjPtcp
3.59,получены,получать,Ptcp
3.59,раскрытый,раскрыть,AdjPtcp
3.59,назначено,назначать,Ptcp
3.59,расставлены,расставлять,Ptcp
3.59,разбитым,разбивать,AdjPtcp
3.59,сложен,слагать,AdjPtcp
3.59,написанных,написать,Ptcp
3.59,сделанный,сделать,Ptcp
3.53,нанесен,наносить,Ptcp
3.53,опубликовано,опубликовывать,Ptcp
3.53,вызвана,вызывать,Ptcp
3.53,скрытых,скрыть,AdjPtcp
3.53,получено,получать,Ptcp
3.53,посвященные,посвящать,Ptcp
3.53,выражено,выражать,Ptcp
3.53,посвящен,посвящать,Ptcp
3.53,накрыт,накрывать,Ptcp
3.53,занятый,занимать,AdjPtcp
3.53,сняты,снимать,AdjPtcp
3.53,послан,посылать,Ptcp
3.46,закончен,заканчивать,AdjPtcp
3.46,покрытой,покрывать,Ptcp
3.46,брошены,бросать,Ptcp
3.46,раскрыты,раскрывать,AdjPtcp
3.46,предан,предать,AdjPtcp
3.46,наполненные,наполнять,Ptcp
3.46,раскрытые,раскрыть,AdjPtcp
3.46,объявлен,объявлять,Ptcp
3.46,предназначен,предназначать,Ptcp
3.46,приглушенный,приглушать,AdjPtcp
3.46,покрыто,покрывать,Ptcp
3.40,обеспечен,обеспечивать,AdjPtcp
3.40,вызванные,вызывать,Ptcp
3.40,рожден,рожать,Ptcp
3.40,набитые,набивать,AdjPtcp
3.40,обусловлено,обусловливать,Ptcp
3.40,проклятое,проклясть,AdjPtcp
3.40,зарегистрировано,зарегистрировать,Ptcp
3.40,описаны,описывать,Ptcp
3.40,освещенное,освещать,Ptcp
3.40,признан,признавать,AdjPtcp
3.33,поднятыми,подымать,Ptcp
3.33,напряженный,напрячь,AdjPtcp
3.33,предложено,предлагать,Ptcp
3.33,влюблена,влюбить,AdjPtcp
3.33,заинтересованы,заинтересовывать,AdjPtcp
3.33,поставленной,поставлять,Ptcp
3.33,скрытая,скрыть,AdjPtcp
3.33,скрыто,скрывать,AdjPtcp
3.33,купленный,купить,Ptcp
3.33,взята,взять,Ptcp
3.33,поставленные,поставлять,Ptcp
3.33,возбужденные,возбуждать,AdjPtcp
3.33,распахнуты,распахнуть,Ptcp
3.33,снята,снимать,AdjPtcp
3.33,заключен,заключать,AdjPtcp
3.33,накрытый,накрывать,Ptcp
3.33,связанная,связать,AdjPtcp
3.33,оставленный,оставлять,Ptcp
3.27,разочарован,разочаровать,AdjPtcp
3.27,заваленный,заваливать,Ptcp
3.27,выбритый,выбривать,Ptcp
3.27,положенное,положить,AdjPtcp
3.27,достигнута,достигать,Ptcp
3.27,брошенных,бросать,Ptcp
3.27,оглушенный,оглушать,Ptcp
3.27,сложены,слагать,AdjPtcp
3.27,осужден,осуждать,Ptcp
3.27,завален,заваливать,Ptcp
3.27,охваченный,охватывать,Ptcp
3.27,представлена,представлять,Ptcp
3.27,написанный,написать,Ptcp
3.27,построены,построить,Ptcp
3.27,положен,полагать,AdjPtcp
3.20,напечатано,напечатать,Ptcp
3.20,доставлен,доставлять,Ptcp
3.20,скрытым,скрыть,AdjPtcp
3.20,вызванное,вызывать,Ptcp
3.20,освобожден,освобождать,Ptcp
3.20,раскрытую,раскрывать,AdjPtcp
3.20,оставленные,оставлять,Ptcp
3.20,задумано,задумывать,Ptcp
3.20,разбитое,разбить,AdjPtcp
3.20,смущенный,смутить,AdjPtcp
3.20,сделанных,сделать,Ptcp
3.20,брошенные,бросать,Ptcp
3.20,освещенная,освещать,Ptcp
3.20,полученной,получать,Ptcp
3.20,разбиты,разбивать,AdjPtcp
3.20,проклят,проклясть,AdjPtcp
3.20,избран,избирать,AdjPtcp
3.20,заброшенный,забросить,Ptcp
3.20,запрещены,запрещать,Ptcp
3.20,похоронен,похоронить,AdjPtcp
3.20,забиты,забивать,AdjPtcp
3.14,приговорен,приговаривать,Ptcp
3.14,развитой,развить,AdjPtcp
3.14,включен,включать,Ptcp
3.14,залитый,заливать,Ptcp
3.14,связанной,связывать,AdjPtcp
3.14,созданной,создавать,Ptcp
3.14,исключен,исключать,Ptcp
3.14,воспитанный,воспитать,AdjPtcp
3.14,заключена,заключать,AdjPtcp
3.14,населенных,населить,AdjPtcp
3.14,положена,полагать,AdjPtcp
3.14,возбуждено,возбуждать,AdjPtcp
3.14,привязан,привязывать,Ptcp
3.14,положенные,положить,AdjPtcp
3.14,запрещена,запрещать,Ptcp
3.07,направленных,направлять,AdjPtcp
3.07,назначена,назначать,Ptcp
3.07,запрещен,запрещать,Ptcp
3.07,набитым,набить,AdjPtcp
3.07,измученные,измучить,AdjPtcp
3.07,созданная,создавать,Ptcp
3.07,обнаженные,обнажить,AdjPtcp
3.07,испуганным,испугать,AdjPtcp
3.07,приглашенных,приглашать,Ptcp
3.07,найдена,находить,Ptcp
3.07,протянутую,протягивать,Ptcp
3.00,созданные,создавать,Ptcp
3.00,созданных,создавать,Ptcp
3.00,покрытое,покрывать,Ptcp
3.00,вкопанный,вкопать,Ptcp
3.00,поднятый,подымать,Ptcp
3.00,достигнуто,достигать,Ptcp
3.00,выполнен,выполнять,Ptcp
3.00,разложены,раскладывать,Ptcp
3.00,подготовлены,подготовить,Ptcp
3.00,возбужден,возбудить,AdjPtcp
3.00,раздраженный,раздражить,AdjPtcp
3.00,собранный,собрать,AdjPtcp
3.00,лишенные,лишить,AdjPtcp
3.00,назначенного,назначать,Ptcp
3.00,одетого,одевать,AdjPtcp
3.00,заброшенной,забросить,Ptcp
3.00,ограничен,ограничивать,AdjPtcp
3.00,связанным,связать,AdjPtcp
2.94,проведенные,проводить,Ptcp
2.94,основан,основывать,Ptcp
2.94,закрытую,закрыть,AdjPtcp
2.94,развитого,развивать,AdjPtcp
2.94,связанными,связать,AdjPtcp
2.94,опущенными,опускать,Ptcp
2.94,выражена,выражать,Ptcp
2.94,образованным,образовать,AdjPtcp
2.94,захваченных,захватить,Ptcp
2.94,оккупированной,оккупировать,Ptcp
2.94,найдено,находить,Ptcp
2.94,свиты,свита,NPtcp
2.94,включены,включать,Ptcp
2.94,названа,называть,AdjPtcp
2.94,изображены,изображать,Ptcp
2.94,рассеянный,рассеять,AdjPtcp
2.94,сдавленным,сдавить,AdjPtcp
2.94,введен,вводить,Ptcp
2.94,окончена,оканчивать,Ptcp
2.94,приглашен,приглашать,Ptcp
2.94,обиженным,обидеть,AdjPtcp
2.94,награжден,награждать,Ptcp
2.87,сметаны,сметана,NPtcp
2.87,записаны,записывать,Ptcp
2.87,сдавленный,сдавить,AdjPtcp
2.87,отправлены,отправлять,Ptcp
2.87,вытянутых,вытягивать,AdjPtcp
2.87,основана,основывать,Ptcp
2.87,выраженным,выразить,Ptcp
2.87,выраженных,выразить,Ptcp
2.87,расставленные,расставлять,Ptcp
2.87,забита,забивать,AdjPtcp
2.87,выполнено,выполнять,Ptcp
2.87,обнаженной,обнажить,AdjPtcp
2.87,обречена,обрекать,AdjPtcp
2.87,влюблены,влюбить,AdjPtcp
2.87,погруженный,погружать,Ptcp
2.87,даны,давать,Ptcp
2.87,расстегнутой,расстегнуть,Ptcp
2.87,уничтожено,уничтожать,Ptcp
2.87,выраженная,выражать,Ptcp
2.87,тронут,тронуть,AdjPtcp
2.81,разъяренный,разъярить,AdjPtcp
2.81,услышанное,услышать,NPtcp
2.81,выраженный,выразить,Ptcp
2.81,скрытого,скрыть,AdjPtcp
2.81,уверенной,уверить,AdjPtcp
2.81,сделанное,сделать,Ptcp
2.81,приготовленные,приготавливать,Ptcp
2.81,окруженные,окружать,Ptcp
2.81,раненный,ранить,Ptcp
2.81,свитой,свита,NPtcp
2.81,цивилизованных,цивилизовать,AdjPtcp
2.81,рассчитана,рассчитать,Ptcp
2.81,исключена,исключать,Ptcp
2.81,лишено,лишать,AdjPtcp
2.81,расстрелянных,расстреливать,Ptcp
2.81,совершенного,совершить,AdjPtcp
2.81,разработана,разрабатывать,Ptcp
2.81,приглушенные,приглушать,AdjPtcp
2.81,распахнутые,распахнуть,Ptcp
2.81,выпученными,выпучивать,Ptcp
2.81,обижен,обидеть,AdjPtcp
2.74,определенному,определить,AdjPtcp
2.74,увиденное,увидеть,NPtcp
2.74,подняты,подымать,Ptcp
2.74,положенный,положить,AdjPtcp
2.74,указанные,указать,AdjPtcp
2.74,прикрытые,прикрывать,Ptcp
2.74,написанная,написать,Ptcp
2.74,покрытых,покрывать,Ptcp
2.74,объявлена,объявлять,Ptcp
2.74,раскаленный,раскалять,AdjPtcp
2.74,повышенное,повысить,AdjPtcp
2.74,построенный,построить,Ptcp
2.74,названы,называть,AdjPtcp
2.74,расположено,располагать,AdjPtcp
2.74,рассчитан,рассчитать,Ptcp
2.74,замечен,замечать,Ptcp
2.74,ограниченное,ограничить,AdjPtcp
2.74,взятый,взять,Ptcp
2.74,совершенные,совершить,AdjPtcp
2.74,куплен,купить,Ptcp
2.74,убежденный,убедить,AdjPtcp
2.74,повышенным,повысить,AdjPtcp
2.74,заложены,закладывать,Ptcp
2.74,полученную,получать,Ptcp
2.74,покрытую,покрывать,Ptcp
2.68,открытому,открыть,AdjPtcp
2.68,возмущенный,возмущать,AdjPtcp
2.68,взъерошенный,взъерошивать,Ptcp
2.68,настроены,настраивать,AdjPtcp
2.68,разбросанных,разбрасывать,Ptcp
2.68,смешанным,смешать,AdjPtcp
2.68,напряженная,напрячь,AdjPtcp
2.68,расстроен,расстраивать,AdjPtcp
2.68,встревоженный,встревожить,Ptcp
2.68,преданных,предать,AdjPtcp
2.68,ограничено,ограничивать,Ptcp
2.68,окруженная,окружать,Ptcp
2.68,потрепанный,потрепать,AdjPtcp
2.68,осведомлен,осведомить,AdjPtcp
2.68,выпущен,выпускать,Ptcp
2.68,обнаружена,обнаруживать,Ptcp
2.68,отмечены,отмечать,Ptcp
2.61,спрятаны,спрятать,Ptcp
2.61,замкнутым,замкнуть,AdjPtcp
2.61,обеспечена,обеспечивать,Ptcp
2.61,удовлетворен,удовлетворять,AdjPtcp
2.61,приглашены,приглашать,Ptcp
2.61,смущен,смущать,AdjPtcp
2.61,совершенным,совершить,AdjPtcp
2.61,выставлены,выставлять,Ptcp
2.61,рассчитаны,рассчитать,Ptcp
2.61,исключены,исключать,Ptcp
2.61,написанного,написать,Ptcp
2.61,найденный,находить,Ptcp
2.61,разрушен,разрушать,Ptcp
2.61,обусловлена,обусловливать,Ptcp
2.61,указаны,указывать,Ptcp
2.61,распахнута,распахнуть,Ptcp
2.61,перечисленных,перечислить,Ptcp
2.61,натянутой,натягивать,AdjPtcp
2.61,покрытым,покрывать,Ptcp
2.61,избранные,избрать,AdjPtcp
2.61,обращенные,обращать,NPtcp
2.55,привязана,привязывать,Ptcp
2.55,обращенный,обращать,NPtcp
2.55,почтенного,почесть,AdjPtcp
2.55,основано,основывать,Ptcp
2.55,свита,свита,NPtcp
2.55,совершенных,совершить,AdjPtcp
2.55,совершенный,совершить,AdjPtcp
2.55,описано,описывать,Ptcp
2.55,убито,убить,AdjPtcp
2.55,ошеломленный,ошеломлять,Ptcp
2.55,преданный,предать,AdjPtcp
2.55,удивлены,удивлять,Ptcp
2.55,обусловленное,обусловливать,Ptcp
2.55,набита,набивать,AdjPtcp
2.55,обрадованный,обрадовать,Ptcp
2.55,освещенную,освещать,Ptcp
2.55,найдены,находить,Ptcp
2.55,купленные,купить,Ptcp
2.55,разбито,разбивать,AdjPtcp
2.55,оживленный,оживить,AdjPtcp
2.55,выполнена,выполнять,Ptcp
2.55,установленные,установить,AdjPtcp
2.55,использован,использовать,Ptcp
2.48,отмечен,отмечать,Ptcp
2.48,опрошенных,опрашивать,NPtcp
2.48,осужденных,осудить,NPtcp
2.48,увиденного,увидеть,NPtcp
2.48,указан,указывать,AdjPtcp
2.48,напечатан,напечатать,Ptcp
2.48,осуждены,осуждать,Ptcp
2.48,заложена,закладывать,Ptcp
2.48,основанной,основывать,Ptcp
2.48,скрытое,скрыть,AdjPtcp
2.48,вылитый,вылить,AdjPtcp
2.48,залитую,заливать,Ptcp
2.48,задержаны,задерживать,Ptcp
2.48,занятые,занимать,AdjPtcp
2.48,распахнутыми,распахнуть,Ptcp
2.48,образованного,образовать,AdjPtcp
2.48,установленного,установить,AdjPtcp
2.48,полученного,получать,Ptcp
2.48,исполнено,исполнять,Ptcp
2.48,переполнен,переполнять,Ptcp
2.48,приспособлен,приспособлять,Ptcp
2.48,призван,призвать,AdjPtcp
2.48,брошенную,бросать,Ptcp
2.48,погружен,погружать,Ptcp
2.42,сметана,сметана,NPtcp
2.42,нарисован,нарисовать,Ptcp
2.42,осужденного,осудить,NPtcp
2.42,принятых,принимать,AdjPtcp
2.42,вселенная,вселить,NPtcp
2.42,изображена,изображать,Ptcp
2.42,взятое,взять,Ptcp
2.42,закрытая,закрыть,AdjPtcp
2.42,освещена,освещать,Ptcp
2.42,набиты,набивать,AdjPtcp
2.42,отпущен,отпускать,Ptcp
2.42,увлечен,увлекать,Ptcp
2.42,разбита,разбивать,AdjPtcp
2.42,разбитую,разбить,AdjPtcp
2.42,стиснутые,стискивать,Ptcp
2.42,затянутые,затягивать,AdjPtcp
2.42,нарисованы,нарисовать,Ptcp
2.42,обязанным,обязать,AdjPtcp
2.42,одетым,одеть,AdjPtcp
2.42,выделено,выделять,Ptcp
2.42,вызванный,вызывать,Ptcp
2.42,сплетен,сплетня,NPtcp
2.42,лишенная,лишить,AdjPtcp
2.42,привязанный,привязывать,Ptcp
2.42,вызванных,вызывать,Ptcp
2.42,раскаленные,раскалять,AdjPtcp
2.42,доставлены,доставлять,Ptcp
2.42,приведенные,приводить,Ptcp
2.42,залитые,заливать,Ptcp
2.42,закончено,заканчивать,Ptcp
2.42,освещенного,освещать,Ptcp
2.42,уничтожена,уничтожать,Ptcp
2.35,разделены,разделять,Ptcp
2.35,расположенной,располагать,AdjPtcp
2.35,организована,организовывать,Ptcp
2.35,распространенных,распространять,AdjPtcp
2.35,исчерпан,исчерпывать,Ptcp
2.35,рассчитано,рассчитать,Ptcp
2.35,заполнен,заполнять,Ptcp
2.35,произведен,производить,Ptcp
2.35,разбитыми,разбивать,AdjPtcp
2.35,получена,получать,Ptcp
2.35,напряженном,напрячь,AdjPtcp
2.35,сделанная,сделать,Ptcp
2.35,записанный,записывать,Ptcp
2.35,обеспечены,обеспечивать,Ptcp
2.35,смешанный,смешать,AdjPtcp
2.35,подданные,подать,NPtcp
2.35,освещенном,освещать,Ptcp
2.35,повышенного,повысить,AdjPtcp
2.35,определен,определять,Ptcp
2.35,проведенной,проводить,Ptcp
2.35,напряженные,напрячь,AdjPtcp
2.35,указанного,указать,AdjPtcp
2.35,сдержанной,сдержать,AdjPtcp
2.35,вытянутые,вытягивать,AdjPtcp
2.35,завернутый,завертывать,Ptcp
2.29,выбрит,выбривать,Ptcp
2.29,распахнутых,распахнуть,Ptcp
2.29,отдаленным,отдалить,AdjPtcp
2.29,окруженной,окружать,Ptcp
2.29,ограничены,ограничивать,Ptcp
2.29,поднятые,подымать,Ptcp
2.29,подготовленные,подготовить,Ptcp
2.29,опущенной,опускать,Ptcp
2.29,закрытое,закрыть,AdjPtcp
2.29,посвященный,посвящать,Ptcp
2.29,подготовленный,подготовить,Ptcp
2.29,повышенную,повысить,AdjPtcp
2.29,принятый,принимать,AdjPtcp
2.29,окружены,окружать,Ptcp
2.29,выраженные,выразить,Ptcp
2.29,потертый,потереть,AdjPtcp
2.29,растерянным,растерять,AdjPtcp
2.29,вооруженного,вооружить,AdjPtcp
2.29,дозволено,дозволять,Ptcp
2.29,переданы,передавать,Ptcp
2.29,взятой,взять,Ptcp
2.29,подавленный,подавлять,AdjPtcp
2.29,удовлетворены,удовлетворять,AdjPtcp
2.29,уверенные,уверить,AdjPtcp
2.29,разбитая,разбивать,AdjPtcp
2.29,построенные,построить,Ptcp
2.29,выбиты,выбивать,Ptcp
2.29,обусловлены,обусловливать,Ptcp
2.29,обещано,обещать,Ptcp
2.29,затаенной,затаить,AdjPtcp
2.29,заинтересованных,заинтересовать,AdjPtcp
2.29,поднят,подымать,Ptcp
2.29,завороженный,заворожить,AdjPtcp
2.29,посвященной,посвящать,Ptcp
2.29,созданное,создавать,Ptcp
2.29,названных,называть,Ptcp
2.22,вооружены,вооружать,Ptcp
2.22,заспанный,заспать,AdjPtcp
2.22,уверенная,уверить,AdjPtcp
2.22,предназначенные,предназначать,Ptcp
2.22,выпитого,выпивать,Ptcp
2.22,упомянутого,упоминать,Ptcp
2.22,исписанные,исписывать,Ptcp
2.22,раскаленным,раскалять,AdjPtcp
2.22,обращены,обращать,Ptcp
2.22,подавлен,подавлять,AdjPtcp
2.22,соединены,соединять,Ptcp
2.22,растерян,растерять,AdjPtcp
2.22,переведен,перевести,Ptcp
2.22,заполнены,заполнять,Ptcp
2.22,ранены,ранить,AdjPtcp
2.22,раскрыт,раскрывать,AdjPtcp
2.22,законченный,заканчивать,AdjPtcp
2.22,скрытую,скрыть,AdjPtcp
2.22,забит,забивать,AdjPtcp
2.22,расстроенный,расстраивать,AdjPtcp
2.22,украшенный,украшать,Ptcp
2.22,задержанных,задержать,NPtcp
2.22,развитые,развить,AdjPtcp
2.22,вооружен,вооружить,AdjPtcp
2.22,выраженными,выразить,Ptcp
2.22,раскрытым,раскрыть,AdjPtcp
2.22,схвачен,схватывать,Ptcp
2.22,записан,записывать,Ptcp
2.22,завалены,заваливать,Ptcp
2.22,получен,получать,Ptcp
2.22,прописан,прописывать,Ptcp
2.22,предназначенный,предназначать,Ptcp
2.22,направленный,направлять,AdjPtcp
2.16,искаженное,исказить,AdjPtcp
2.16,законченным,закончить,AdjPtcp
2.16,пораженные,поражать,Ptcp
2.16,продумано,продумывать,Ptcp
2.16,поражена,поражать,Ptcp
2.16,убитой,убить,AdjPtcp
2.16,вырученные,выручать,Ptcp
2.16,предназначена,предназначать,Ptcp
2.16,прикрытый,прикрывать,Ptcp
2.16,залитой,заливать,Ptcp
2.16,прокляты,проклясть,AdjPtcp
2.16,принятой,принимать,AdjPtcp
2.16,выполнены,выполнять,Ptcp
2.16,подписано,подписывать,Ptcp
2.16,заметен,замести,AdjPtcp
2.16,огорчен,огорчить,AdjPtcp
2.16,обреченных,обречь,AdjPtcp
2.16,напечатана,напечатать,Ptcp
2.16,обездоленных,обездоливать,AdjPtcp
2.16,брошенная,бросать,Ptcp
2.16,раскрытых,раскрывать,AdjPtcp
2.16,проклятых,проклясть,AdjPtcp
2.16,упитанный,упитать,AdjPtcp
2.16,приоткрыта,приоткрыть,AdjPtcp
2.16,заслуженного,заслуживать,AdjPtcp
2.16,газированной,газировать,AdjPtcp
2.16,положены,полагать,AdjPtcp
2.16,окровавленный,окровавить,AdjPtcp
2.16,рассказано,рассказывать,Ptcp
2.16,нарисовано,нарисовать,Ptcp
2.16,сосредоточены,сосредотачивать,Ptcp
2.16,нарушена,нарушать,Ptcp
2.16,испорченный,испортить,AdjPtcp
2.16,завязанными,завязнуть,Ptcp
2.16,сосредоточен,сосредотачивать,AdjPtcp
2.16,зафиксировано,зафиксировать,Ptcp
2.16,распространенный,распространять,AdjPtcp
2.09,поставленных,поставлять,Ptcp
2.09,сказанные,сказать,Ptcp
2.09,покрытого,покрывать,Ptcp
2.09,заведенный,заводить,Ptcp
2.09,сосредоточенный,сосредоточить,AdjPtcp
2.09,освещенных,освещать,Ptcp
2.09,названный,называть,Ptcp
2.09,заработанные,зарабатывать,Ptcp
2.09,подготовлена,подготовить,Ptcp
2.09,заперты,запирать,Ptcp
2.09,стоптанных,стоптать,Ptcp
2.09,запертой,запирать,Ptcp
2.09,занятой,занять,AdjPtcp
2.09,озабоченным,озаботить,AdjPtcp
2.09,произнесено,произносить,Ptcp
2.09,растрепанная,растрепывать,AdjPtcp
2.09,установленной,установить,AdjPtcp
2.09,отдаленное,отдалить,AdjPtcp
2.09,найденные,находить,Ptcp
2.09,придумана,придумывать,Ptcp
2.09,выпущенные,выпускать,Ptcp
2.09,заключено,заключать,AdjPtcp
2.09,написанную,написать,Ptcp
2.09,обиженных,обидеть,AdjPtcp
2.09,опущенные,опускать,Ptcp
2.09,установленный,установить,AdjPtcp
2.09,установленным,установить,AdjPtcp
2.09,брошенной,бросать,Ptcp
2.09,брошенное,бросать,Ptcp
2.09,остановлен,останавливать,Ptcp
2.09,призваны,призвать,AdjPtcp
2.09,прославленного,прославлять,AdjPtcp
2.09,оставленной,оставлять,Ptcp
2.09,продано,продавать,Ptcp
2.09,обязано,обязать,AdjPtcp
2.09,завернутые,завертывать,Ptcp
2.09,наполненной,наполнять,Ptcp
2.09,организованная,организовать,AdjPtcp
2.09,воспитан,воспитывать,AdjPtcp
2.09,согнутые,согнуть,AdjPtcp
2.09,арестованный,арестовать,NPtcp
2.09,названо,называть,AdjPtcp
2.09,поражены,поражать,Ptcp
2.09,посвящены,посвящать,Ptcp
2.09,замешан,замешать,Ptcp
2.09,признано,признавать,Ptcp
2.09,напряжены,напрячь,Ptcp
2.09,совершенная,совершить,AdjPtcp
2.09,организован,организовывать,AdjPtcp
2.09,брошен,бросать,Ptcp
2.09,привезенные,привозить,Ptcp
2.09,лишенным,лишить,AdjPtcp
2.02,собранных,собрать,AdjPtcp
2.02,прославленный,прославлять,AdjPtcp
2.02,обусловленные,обусловливать,Ptcp
2.02,предписано,предписывать,Ptcp
2.02,рассеянным,рассеять,AdjPtcp
2.02,обреченный,обречь,AdjPtcp
2.02,описанных,описывать,Ptcp
2.02,разрозненных,разрознить,AdjPtcp
2.02,проданы,продавать,Ptcp
2.02,вызваны,вызывать,Ptcp
2.02,почтенная,почесть,AdjPtcp
2.02,принужден,принудить,AdjPtcp
2.02,соединенных,соединять,AdjPtcp
2.02,удостоен,удостоить,Ptcp
2.02,выпито,выпивать,Ptcp
2.02,наполнен,наполнять,Ptcp
2.02,принятое,принимать,AdjPtcp
2.02,устремлен,устремлять,Ptcp
2.02,передано,передавать,Ptcp
2.02,назначенное,назначать,Ptcp
2.02,заказан,заказывать,Ptcp
2.02,разрушенной,разрушать,Ptcp
2.02,скрыты,скрывать,AdjPtcp
2.02,образован,образовывать,AdjPtcp
2.02,раскаленного,раскалять,AdjPtcp
2.02,доказана,доказывать,Ptcp
2.02,разработан,разрабатывать,Ptcp
2.02,ограниченный,ограничить,AdjPtcp
2.02,обращено,обращать,Ptcp
2.02,сделанного,сделать,Ptcp
2.02,распространенное,распространять,AdjPtcp
2.02,арестованного,арестовать,NPtcp
2.02,определены,определять,Ptcp
2.02,сосредоточено,сосредотачивать,Ptcp
2.02,расширенными,расширить,AdjPtcp
2.02,опубликованные,опубликовывать,Ptcp
2.02,разорванной,разрывать,Ptcp
2.02,спрятан,спрятать,Ptcp
2.02,усиленный,усилить,AdjPtcp
2.02,выраженное,выражать,Ptcp
2.02,вынужденного,вынудить,AdjPtcp
2.02,организовано,организовывать,Ptcp
2.02,передан,передавать,Ptcp
2.02,испуганными,испугать,AdjPtcp
2.02,стоптанные,стоптать,Ptcp
1.96,отказано,отказывать,Ptcp
1.96,сложенную,сложить,AdjPtcp
1.96,возмущен,возмущать,AdjPtcp
1.96,усиленной,усилить,AdjPtcp
1.96,проведены,проводить,Ptcp
1.96,основаны,основывать,Ptcp
1.96,перепуганный,перепугать,Ptcp
1.96,зарегистрирован,зарегистрировать,Ptcp
1.96,оставлены,оставлять,Ptcp
1.96,сложенная,сложить,AdjPtcp
1.96,отпущено,отпускать,Ptcp
1.96,привязаны,привязывать,Ptcp
1.96,отданы,отдавать,Ptcp
1.96,обозначены,обозначать,Ptcp
1.96,исполнен,исполнять,Ptcp
1.96,ограниченные,ограничить,AdjPtcp
1.96,заброшенные,забросить,Ptcp
1.96,вынужденное,вынудить,AdjPtcp
1.96,начатую,начинать,Ptcp
1.96,заброшенных,забросить,Ptcp
1.96,пораженных,поражать,Ptcp
1.96,распростертыми,распростирать,AdjPtcp
1.96,оккупированных,оккупировать,Ptcp
1.96,распространенным,распространять,AdjPtcp
1.96,определено,определять,Ptcp
1.96,полученное,получать,Ptcp
1.96,признана,признавать,Ptcp
1.96,подано,подавать,Ptcp
1.96,обозначено,обозначать,Ptcp
1.96,ограничена,ограничивать,Ptcp
1.96,прозванный,прозывать,Ptcp
1.96,приоткрытую,приоткрывать,AdjPtcp
1.96,спасен,спасать,Ptcp
1.96,озабоченные,озабочивать,AdjPtcp
1.96,издана,издавать,Ptcp
1.96,введено,вводить,Ptcp
1.96,ограниченной,ограничить,AdjPtcp
1.96,задуманное,задумывать,Ptcp
1.96,развита,развивать,AdjPtcp
1.96,опубликованных,опубликовывать,Ptcp
1.96,изумленный,изумить,AdjPtcp
1.89,ограниченным,ограничить,AdjPtcp
1.89,кончена,кончать,AdjPtcp
1.89,упущенное,упускать,Ptcp
1.89,набитыми,набивать,AdjPtcp
1.89,определена,определять,Ptcp
1.89,освещены,освещать,Ptcp
1.89,приготовленную,приготавливать,Ptcp
1.89,оборванные,оборвать,AdjPtcp
1.89,утомленный,утомить,AdjPtcp
1.89,упомянутых,упоминать,Ptcp
1.89,подготовленных,подготовить,Ptcp
1.89,обречено,обречь,AdjPtcp
1.89,приучен,приучать,Ptcp
1.89,проклятым,проклясть,AdjPtcp
1.89,оставленных,оставлять,Ptcp
1.89,покинут,покидать,AdjPtcp
1.89,оставленную,оставлять,Ptcp
1.89,прикрытая,прикрывать,Ptcp
1.89,лишенной,лишать,AdjPtcp
1.89,определенными,определить,AdjPtcp
1.89,нарисована,нарисовать,Ptcp
1.89,почтенные,почесть,AdjPtcp
1.89,убеждена,убеждать,AdjPtcp
1.89,украшенных,украшать,Ptcp
1.89,набитых,набивать,AdjPtcp
1.89,разрушенного,разрушать,Ptcp
1.89,раскрытая,раскрыть,AdjPtcp
1.89,направленной,направлять,AdjPtcp
1.89,подаренный,подарить,Ptcp
1.89,посажен,посадить,AdjPtcp
1.89,рассчитанный,рассчитать,Ptcp
1.89,исполненный,исполнять,Ptcp
1.89,испуганная,испугать,AdjPtcp
1.89,наполнена,наполнять,Ptcp
1.89,посланный,посылать,Ptcp
1.89,положенных,положить,AdjPtcp
1.89,прочитанных,прочитывать,Ptcp
1.89,населенные,населять,AdjPtcp
1.89,потрясены,потрясать,Ptcp
1.89,усиленного,усилить,AdjPtcp
1.89,растерянная,растерять,AdjPtcp
1.89,указанной,указывать,AdjPtcp
1.89,отдаленной,отдалить,AdjPtcp
1.89,убита,убивать,AdjPtcp
1.89,ограниченном,ограничить,AdjPtcp
1.89,основанный,основывать,Ptcp
1.89,уставленный,уставлять,Ptcp
1.89,раздражен,раздражать,AdjPtcp
1.89,цивилизованного,цивилизовать,AdjPtcp
1.89,сделанную,сделать,Ptcp
1.89,положенного,положить,AdjPtcp
1.83,смешанное,смешать,AdjPtcp
1.83,воспаленными,воспалять,AdjPtcp
1.83,лишенных,лишить,AdjPtcp
1.83,оправдано,оправдывать,Ptcp
1.83,обозначен,обозначать,Ptcp
1.83,нарисованные,нарисовать,Ptcp
1.83,купленную,купить,Ptcp
1.83,начищенных,начищать,Ptcp
1.83,начатое,начинать,Ptcp
1.83,залит,заливать,Ptcp
1.83,скрюченные,скрючивать,Ptcp
1.83,установленных,установить,AdjPtcp
1.83,потрясенные,потрясать,Ptcp
1.83,обреченного,обречь,AdjPtcp
1.83,набитую,набить,AdjPtcp
1.83,поваренной,поварить,AdjPtcp
1.83,обнаженный,обнажить,AdjPtcp
1.83,настроенные,настраивать,AdjPtcp
1.83,осуществлен,осуществлять,Ptcp
1.83,организованы,организовывать,Ptcp
1.83,заложен,закладывать,Ptcp
1.83,восстановлен,восстанавливать,Ptcp
1.83,обшарпанный,обшарпать,AdjPtcp
1.83,приготовленный,приготавливать,Ptcp
1.83,цивилизованный,цивилизовать,AdjPtcp
1.83,обманутых,обманывать,Ptcp
1.83,проведенных,проводить,Ptcp
1.83,запыленный,запылить,Ptcp
1.83,возбуждены,возбуждать,AdjPtcp
1.83,указанный,указать,AdjPtcp
1.83,проведено,проводить,Ptcp
1.83,окровавленную,окровавить,AdjPtcp
1.83,опущенных,опускать,Ptcp
1.83,обращен,обращать,Ptcp
1.83,описан,описывать,Ptcp
1.83,проведенного,проводить,Ptcp
1.83,распахнутом,распахнуть,Ptcp
1.83,населенного,населить,AdjPtcp
1.83,высказано,высказывать,Ptcp
1.83,объединенных,объединять,Ptcp
1.83,окружена,окружать,Ptcp
1.83,лишенное,лишать,AdjPtcp
1.83,прибрано,прибирать,Ptcp
1.83,напряженного,напрячь,AdjPtcp
1.83,вытянутыми,вытягивать,AdjPtcp
1.83,затянутый,затянуть,AdjPtcp
1.83,обтянутые,обтягивать,AdjPtcp
1.83,обтянутый,обтянуть,AdjPtcp
1.76,вытаращенными,вытаращивать,Ptcp
1.76,украшены,украшать,Ptcp
1.76,признаны,признавать,Ptcp
1.76,продан,продавать,Ptcp
1.76,пойман,поймать,Ptcp
1.76,выделены,выделять,Ptcp
1.76,написанной,написать,Ptcp
1.76,прикован,приковывать,Ptcp
1.76,представлено,представлять,Ptcp
1.76,указанным,указать,AdjPtcp
1.76,уполномоченного,уполномочить,NPtcp
1.76,испорчено,испортить,Ptcp
1.76,скрыта,скрыть,AdjPtcp
1.76,ограниченного,ограничить,AdjPtcp
1.76,удивлена,удивлять,Ptcp
1.76,разрушенных,разрушать,Ptcp
1.76,указанному,указать,AdjPtcp
1.76,заперт,запирать,Ptcp
1.76,куплены,купить,Ptcp
1.76,описанной,описывать,Ptcp
1.76,напряженных,напрячь,AdjPtcp
1.76,вынуждено,вынуждать,AdjPtcp
1.76,потерян,потерять,AdjPtcp
1.76,приведен,приводить,Ptcp
1.76,заброшенным,забросить,Ptcp
1.76,вооруженными,вооружить,AdjPtcp
1.76,прикрытой,прикрывать,Ptcp
1.76,принятым,принимать,AdjPtcp
1.76,опущены,опускать,Ptcp
1.76,настороженный,насторожить,AdjPtcp
1.76,собрано,собирать,Ptcp
1.76,задержанный,задержать,NPtcp
1.76,залитая,заливать,Ptcp
1.76,смоченной,смачивать,Ptcp
1.76,полученным,получать,Ptcp
1.76,разрозненные,разрознить,AdjPtcp
1.76,окруженного,окружать,Ptcp
1.76,задан,задавать,AdjPtcp
1.76,озабочены,озабочивать,AdjPtcp
1.76,удивленные,удивить,AdjPtcp
1.76,воспитанные,воспитывать,AdjPtcp
1.76,изображено,изображать,Ptcp
1.76,запертые,запирать,Ptcp
1.76,расположенную,располагать,AdjPtcp
1.76,распределены,распределять,Ptcp
1.76,сломана,сломать,Ptcp
1.76,выдан,выдавать,Ptcp
1.76,заложено,закладывать,Ptcp
1.76,окровавленной,окровавить,AdjPtcp
1.76,налитые,наливать,AdjPtcp
1.76,тронутый,тронуть,AdjPtcp
1.70,сдержанным,сдержать,AdjPtcp
1.70,предоставлены,предоставлять,Ptcp
1.70,смешанные,смешать,AdjPtcp
1.70,забинтованной,забинтовывать,Ptcp
1.70,удвоенной,удвоить,AdjPtcp
1.70,взято,взять,Ptcp
1.70,квалифицированных,квалифицировать,AdjPtcp
1.70,ошарашенный,ошарашивать,Ptcp
1.70,воспаленные,воспалять,AdjPtcp
1.70,преданы,предавать,AdjPtcp
1.70,нарушен,нарушать,Ptcp
1.70,снято,снимать,AdjPtcp
1.70,похоронены,похоронить,Ptcp
1.70,обеспечено,обеспечивать,Ptcp
1.70,убитая,убивать,AdjPtcp
1.70,задуманного,задумывать,Ptcp
1.70,завернутую,завертывать,Ptcp
1.70,сожжены,сжигать,Ptcp
1.70,наделен,наделять,AdjPtcp
1.70,тронутые,тронуть,AdjPtcp
1.70,исчерпаны,исчерпывать,Ptcp
1.70,сбит,сбивать,AdjPtcp
1.70,вынужденный,вынудить,AdjPtcp
1.70,развиты,развить,AdjPtcp
1.70,введены,вводить,Ptcp
1.70,расстегнутом,расстегнуть,Ptcp
1.70,спасены,спасать,Ptcp
1.70,принятые,принимать,AdjPtcp
1.70,засученными,засучивать,Ptcp
1.70,напечатаны,напечатать,Ptcp
1.70,напуган,напугать,Ptcp
1.70,расширены,расширять,Ptcp
1.70,цивилизованном,цивилизовать,AdjPtcp
1.70,запланировано,запланировать,Ptcp
1.70,прикрыты,прикрывать,Ptcp
1.70,обманут,обманывать,Ptcp
1.70,указанном,указать,AdjPtcp
1.70,обещанный,обещать,Ptcp
1.70,превращен,превращать,Ptcp
1.70,освещен,освещать,Ptcp
1.70,вооруженным,вооружить,AdjPtcp
1.70,ошеломлен,ошеломлять,Ptcp
1.70,успокоенный,успокаивать,Ptcp
1.70,распространено,распространять,AdjPtcp
1.70,залита,заливать,Ptcp
1.70,залито,заливать,Ptcp
1.70,прикрыта,прикрывать,Ptcp
1.70,озадаченный,озадачивать,AdjPtcp
1.70,накурено,накуривать,Ptcp
1.70,залитое,заливать,Ptcp
1.70,застекленной,застеклять,Ptcp
1.70,наказаны,наказывать,Ptcp
1.70,обнаженная,обнажить,AdjPtcp
1.70,снятые,снимать,AdjPtcp
1.70,оставлен,оставлять,Ptcp
1.70,выброшенный,выбрасывать,Ptcp
1.70,расставленными,расставлять,Ptcp
1.70,отрезан,отрезать,Ptcp
1.70,забито,забивать,AdjPtcp
1.70,оскорбленный,оскорблять,Ptcp
1.70,смешанных,смешать,AdjPtcp
1.70,подавлены,подавлять,AdjPtcp
1.70,заколдованный,заколдовать,AdjPtcp
1.70,купленная,купить,Ptcp
1.63,раскрашенные,раскрашивать,Ptcp
1.63,найденных,находить,Ptcp
1.63,раздавленные,раздавливать,Ptcp
1.63,исполнены,исполнять,Ptcp
1.63,исполненные,исполнять,Ptcp
1.63,оттопыренными,оттопыривать,Ptcp
1.63,основанные,основывать,Ptcp
1.63,распущенными,распускать,AdjPtcp
1.63,замкнутом,замкнуть,AdjPtcp
1.63,обещанного,обещать,NPtcp
1.63,описанный,описывать,Ptcp
1.63,описанные,описывать,Ptcp
1.63,проверено,проверять,Ptcp
1.63,отмечена,отмечать,Ptcp
1.63,приподнятом,приподымать,AdjPtcp
1.63,развито,развивать,AdjPtcp
1.63,сложена,слагать,AdjPtcp
1.63,озабоченное,озаботить,AdjPtcp
1.63,украшенные,украшать,Ptcp
1.63,начитанный,начитать,AdjPtcp
1.63,предназначенных,предназначать,Ptcp
1.63,ухоженные,уходить²,AdjPtcp
1.63,переполненные,переполнять,Ptcp
1.63,скрещенные,скрещивать,Ptcp
1.63,обнаженным,обнажить,AdjPtcp
1.63,загнутыми,загибать,AdjPtcp
1.63,заброшенного,забросить,Ptcp
1.63,сломанные,сломать,Ptcp
1.63,использована,использовать,Ptcp
1.63,взятого,взять,Ptcp
1.63,принесенные,приносить,Ptcp
1.63,раздетый,раздевать,AdjPtcp
1.63,разрушено,разрушать,Ptcp
1.63,пораженная,поражать,Ptcp
1.63,преувеличены,преувеличивать,Ptcp
1.63,наполненных,наполнять,Ptcp
1.63,сложенных,сложить,AdjPtcp
1.63,прикреплена,прикреплять,Ptcp
1.63,увлеченный,увлекать,Ptcp
1.63,подавленные,подавлять,AdjPtcp
1.63,прикреплен,прикреплять,Ptcp
1.63,предусмотрена,предусматривать,Ptcp
1.63,потертые,потереть,AdjPtcp
1.63,нанесенный,наносить,Ptcp
1.63,передана,передавать,Ptcp
1.63,сдвинутых,сдвигать,AdjPtcp
1.63,натянуто,натягивать,AdjPtcp
1.63,посланы,посылать,Ptcp
1.63,возвращен,возвращать,Ptcp
1.63,связанную,связать,AdjPtcp
1.63,возвышенных,возвысить,AdjPtcp
1.63,залитых,заливать,Ptcp
1.63,изъяты,изымать,Ptcp
1.63,разрушенные,разрушать,Ptcp
1.63,посаженные,посадить,Ptcp
1.63,подвергнут,подвергать,Ptcp
1.63,распахнутого,распахнуть,Ptcp
1.63,задействованы,задействовать,Ptcp
1.63,начатый,начинать,Ptcp
1.63,перечислены,перечислять,Ptcp
1.57,придуманный,придумывать,Ptcp
1.57,выписан,выписывать,Ptcp
1.57,рожденный,рожать,Ptcp
1.57,составленный,составлять,Ptcp
1.57,приоткрытой,приоткрывать,AdjPtcp
1.57,удовлетворено,удовлетворять,AdjPtcp
1.57,подан,подавать,Ptcp
1.57,согнутую,согнуть,AdjPtcp
1.57,воспринято,воспринимать,Ptcp
1.57,посланные,посылать,Ptcp
1.57,захвачен,захватить,Ptcp
1.57,рождены,рожать,Ptcp
1.57,преувеличенной,преувеличивать,AdjPtcp
1.57,одетой,одевать,AdjPtcp
1.57,уложены,укладывать,Ptcp
1.57,наполненная,наполнять,Ptcp
1.57,раскрытого,раскрывать,AdjPtcp
1.57,вышитой,вышивать,AdjPtcp
1.57,занятого,занять,AdjPtcp
1.57,почтенных,почесть,AdjPtcp
1.57,укрытый,укрыть,AdjPtcp
1.57,достигнут,достигать,Ptcp
1.57,собран,собирать,AdjPtcp
1.57,ошарашен,ошарашивать,Ptcp
1.57,испорчен,испортить,AdjPtcp
1.57,обессиленный,обессилить,Ptcp
1.57,закатанными,закатать,Ptcp
1.57,нарисованный,нарисовать,Ptcp
1.57,названные,называть,Ptcp
1.57,прославленных,прославить,AdjPtcp
1.57,предоставлен,предоставлять,Ptcp
1.57,восхищен,восхищать,AdjPtcp
1.57,переодетый,переодевать,AdjPtcp
1.57,отрезаны,отрезать,Ptcp
1.57,оправдан,оправдывать,AdjPtcp
1.57,выявлено,выявлять,Ptcp
1.57,настроенных,настроить,AdjPtcp
1.57,закутанный,закутывать,Ptcp
1.57,разбитом,разбивать,AdjPtcp
1.57,утвержден,утверждать,Ptcp
1.57,разрушены,разрушать,Ptcp
1.57,защищен,защищать,Ptcp
1.57,повышенный,повысить,AdjPtcp
1.57,проведен,проводить,Ptcp
1.57,купленного,купить,Ptcp
1.57,изысканные,изыскать,AdjPtcp
1.57,удивленное,удивить,AdjPtcp
1.57,удовлетворенный,удовлетворять,AdjPtcp
1.57,поверенный,поверить,NPtcp
1.57,направленное,направить,AdjPtcp
1.57,размеренным,размерить,AdjPtcp
1.57,отдаленном,отдалить,AdjPtcp
1.57,сморщенный,сморщить,AdjPtcp
1.57,изготовленные,изготавливать,Ptcp
1.57,обнаженными,обнажить,AdjPtcp
1.57,проверенных,проверять,AdjPtcp
1.57,накопленные,накоплять,Ptcp
1.57,ослепленный,ослеплять,Ptcp
1.57,освобожденных,освобождать,Ptcp
1.57,организованный,организовать,AdjPtcp
1.57,растрепанные,растрепывать,AdjPtcp
1.57,записана,записывать,Ptcp
1.50,изогнутые,изогнуть,AdjPtcp
1.50,организованного,организовать,AdjPtcp
1.50,подписанное,подписывать,Ptcp
1.50,переполненный,переполнить,Ptcp
1.50,предназначенной,предназначать,Ptcp
1.50,прокуренный,прокуривать,Ptcp
1.50,поглощен,поглощать,AdjPtcp
1.50,облупленного,облупливать,AdjPtcp
1.50,выражен,выражать,Ptcp
1.50,произведенным,производить,Ptcp
1.50,намеченной,намечать,Ptcp
1.50,скрыт,скрывать,AdjPtcp
1.50,раскрыта,раскрывать,AdjPtcp
1.50,расстегнутым,расстегнуть,Ptcp
1.50,наполнены,наполнять,Ptcp
1.50,прочитанное,прочитывать,Ptcp
1.50,выпученные,выпучивать,Ptcp
1.50,избранный,избрать,AdjPtcp
1.50,набитой,набить,AdjPtcp
1.50,согнутым,согнуть,AdjPtcp
1.50,сбитые,сбивать,AdjPtcp
1.50,рассеян,рассеять,AdjPtcp
1.50,намечено,намечать,Ptcp
1.50,написанным,написать,Ptcp
1.50,раздавлен,раздавливать,Ptcp
1.50,поставленную,поставлять,Ptcp
1.50,свернутый,свернуть,AdjPtcp
1.50,вкопанные,вкопать,Ptcp
1.50,проклята,проклинать,AdjPtcp
1.50,встречен,встречать,AdjPtcp
1.50,выстроен,выстраивать,Ptcp
1.50,восстановлена,восстанавливать,Ptcp
1.50,возмущенные,возмущать,AdjPtcp
1.50,ухоженный,уходить²,AdjPtcp
1.50,снабжены,снабжать,Ptcp
1.50,воспитаны,воспитывать,Ptcp
1.50,развешаны,развешивать,Ptcp
1.50,влюбленная,влюбить,AdjPtcp
1.50,заинтересована,заинтересовывать,AdjPtcp
1.50,обнаженную,обнажить,AdjPtcp
1.50,обманутым,обманывать,Ptcp
1.50,вынужденную,вынудить,AdjPtcp
1.50,предназначено,предназначать,Ptcp
1.50,предпринята,предпринимать,Ptcp
1.50,изготовлены,изготавливать,Ptcp
1.50,произнесены,произносить,Ptcp
1.50,приготовлены,приготавливать,Ptcp
1.50,замедленного,замедлять,AdjPtcp
1.50,заброшенном,забросить,Ptcp
1.50,испытанный,испытать,AdjPtcp
1.50,названной,называть,Ptcp
1.50,переведена,перевести,Ptcp
1.50,накинутой,накинуть,Ptcp
1.50,завернутое,завертывать,Ptcp
1.50,приготовлено,приготавливать,Ptcp
1.50,закончены,заканчивать,Ptcp
1.50,похищен,похищать,Ptcp
1.50,сломанной,сломать,Ptcp
1.50,погружены,погружать,Ptcp
1.50,заваленные,заваливать,Ptcp
1.50,отвлеченные,отвлечь,AdjPtcp
1.50,отдана,отдавать,Ptcp
1.50,подчеркнутой,подчеркивать,AdjPtcp
1.50,отдано,отдавать,Ptcp
1.50,разрушена,разрушать,Ptcp
1.50,сосредоточенным,сосредоточить,AdjPtcp
1.50,возбужденное,возбуждать,AdjPtcp
1.50,преданные,предать,AdjPtcp
1.50,подготовлено,подготовить,Ptcp
1.50,разочарованный,разочаровывать,AdjPtcp
1.50,переведены,переводить,Ptcp
1.50,натянутая,натянуть,AdjPtcp
1.50,выпущена,выпускать,Ptcp
1.50,пораженной,поражать,Ptcp
1.50,накрытым,накрывать,Ptcp
1.50,проведенный,проводить,Ptcp
1.50,обеспокоенный,обеспокоить,Ptcp
1.50,прервана,прерывать,Ptcp
1.50,запыленные,запылить,Ptcp
1.50,произведена,производить,Ptcp
1.50,учащенное,участить,AdjPtcp
1.50,заинтересованные,заинтересовать,AdjPtcp
1.44,опубликованной,опубликовывать,Ptcp
1.44,снижено,снижать,Ptcp
1.44,охваченные,охватывать,Ptcp
1.44,замечены,замечать,Ptcp
1.44,забитый,забивать,AdjPtcp
1.44,увеличены,увеличивать,Ptcp
1.44,изуродованный,изуродовать,Ptcp
1.44,умеренное,умерить,AdjPtcp
1.44,расположенном,располагать,AdjPtcp
1.44,полученная,получать,Ptcp
1.44,выраженном,выразить,Ptcp
1.44,сваленные,сваливать,Ptcp
1.44,подданный,подать,NPtcp
1.44,разбросано,разбрасывать,Ptcp
1.44,направленного,направлять,AdjPtcp
1.44,положенную,полагать,AdjPtcp
1.44,вооруженной,вооружить,AdjPtcp
1.44,содеянного,содеять,Ptcp
1.44,предложенный,предлагать,Ptcp
1.44,задержанного,задержать,NPtcp
1.44,напуганный,напугать,Ptcp
1.44,выбран,выбирать,Ptcp
1.44,осужденный,осудить,NPtcp
1.44,приговоренного,приговаривать,Ptcp
1.44,выраженного,выразить,Ptcp
1.44,расстегнут,расстегнуть,Ptcp
1.44,произнесенные,произносить,Ptcp
1.44,инфицированных,инфицировать,Ptcp
1.44,избранного,избрать,AdjPtcp
1.44,бронированный,бронировать,AdjPtcp
1.44,оторванный,отрывать,Ptcp
1.44,одетыми,одеть,AdjPtcp
1.44,посвященная,посвящать,Ptcp
1.44,оставленная,оставлять,Ptcp
1.44,брошенным,бросать,Ptcp
1.44,изданных,издавать,Ptcp
1.44,обнаженного,обнажить,AdjPtcp
1.44,окутанный,окутывать,Ptcp
1.44,услышанного,услышать,NPtcp
1.44,одетую,одевать,AdjPtcp
1.44,выявлены,выявлять,Ptcp
1.44,сдержан,сдержать,AdjPtcp
1.44,вселенную,вселить,NPtcp
1.44,совершенном,совершить,AdjPtcp
1.44,потерянный,потерять,AdjPtcp
1.44,захваченные,захватить,Ptcp
1.44,начищенные,начищать,Ptcp
1.44,названная,называть,Ptcp
1.44,составленные,составлять,Ptcp
1.44,растерянной,растерять,AdjPtcp
1.44,вооруженная,вооружить,AdjPtcp
1.44,потертых,потирать,AdjPtcp
1.44,вынужденной,вынудить,AdjPtcp
1.44,купленной,купить,Ptcp
1.44,сосредоточенное,сосредоточить,AdjPtcp
1.44,загнанный,загнать,AdjPtcp
1.44,выпущенных,выпускать,Ptcp
1.44,составлена,составлять,Ptcp
1.44,послана,посылать,Ptcp
1.44,разложенные,раскладывать,Ptcp
1.44,выдвинут,выдвигать,Ptcp
1.44,отправлено,отправлять,Ptcp
1.44,покрытом,покрывать,Ptcp
1.44,записанные,записывать,Ptcp
1.44,озадачен,озадачивать,AdjPtcp
1.44,подписанный,подписывать,Ptcp
1.44,спрятано,спрятать,Ptcp
1.44,построенная,построить,Ptcp
1.44,налитыми,наливать,AdjPtcp
1.44,преданным,предать,AdjPtcp
1.44,выставленные,выставлять,Ptcp
1.44,упомянутый,упоминать,Ptcp
1.44,освобождены,освобождать,Ptcp
1.44,проверенный,проверять,AdjPtcp
1.44,напечатанные,напечатать,Ptcp
1.44,накинутом,накинуть,Ptcp
1.44,заслуженной,заслуживать,AdjPtcp
1.44,сказаны,сказать,Ptcp
1.44,сосредоточена,сосредотачивать,Ptcp
1.44,запертых,запирать,Ptcp
1.44,отточенный,оттачивать,Ptcp
1.44,сообщено,сообщать,Ptcp
1.44,перечисленные,перечислить,Ptcp
1.44,начато,начинать,Ptcp
1.44,вынесен,вынести,Ptcp
1.44,основанная,основывать,Ptcp
1.44,сложенными,сложить,AdjPtcp
1.44,выписаны,выписывать,Ptcp
1.44,награбленное,награбить,Ptcp
1.37,спрятана,спрятать,Ptcp
1.37,взбешен,взбесить,Ptcp
1.37,высказанные,высказывать,Ptcp
1.37,отменена,отменять,Ptcp
1.37,исполнена,исполнять,Ptcp
1.37,встревоженные,встревожить,Ptcp
1.37,напряженными,напрячь,AdjPtcp
1.37,упомянутой,упоминать,Ptcp
1.37,завершена,завершать,Ptcp
1.37,занятая,занимать,AdjPtcp
1.37,набитая,набивать,AdjPtcp
1.37,подвешен,подвешивать,Ptcp
1.37,ослабленных,ослаблять,Ptcp
1.37,отправлена,отправлять,Ptcp
1.37,замкнутой,замкнуть,AdjPtcp
1.37,потертой,потереть,AdjPtcp
1.37,обиженные,обидеть,AdjPtcp
1.37,нагретой,нагревать,Ptcp
1.37,построенной,построить,Ptcp
1.37,отведена,отводить,Ptcp
1.37,пройденный,проходить,Ptcp
1.37,сорвана,сорвать,Ptcp
1.37,возбужденная,возбуждать,AdjPtcp
1.37,перекошенным,перекашивать,Ptcp
1.37,отравлен,отравлять,Ptcp
1.37,скрюченный,скрючивать,Ptcp
1.37,квалифицированные,квалифицировать,AdjPtcp
1.37,отведено,отводить,Ptcp
1.37,исчерпана,исчерпывать,Ptcp
1.37,раскаленная,раскалять,AdjPtcp
1.37,рожденные,рожать,Ptcp
1.37,потрепанную,потрепать,AdjPtcp
1.37,запущенной,запустить,AdjPtcp
1.37,сдвинутые,сдвигать,AdjPtcp
1.37,принятого,принимать,AdjPtcp
1.37,продуманный,продумывать,AdjPtcp
1.37,испуганное,испугать,AdjPtcp
1.37,протянутый,протянуть,Ptcp
1.37,достигнутого,достигать,NPtcp
1.37,отменены,отменять,Ptcp
1.37,обнаженных,обнажить,AdjPtcp
1.37,прочитанного,прочитывать,Ptcp
1.37,выкинут,выкидывать,Ptcp
1.37,пропитан,пропитывать,Ptcp
1.37,зафиксированы,зафиксировать,Ptcp
1.37,расширенные,расширять,AdjPtcp
1.37,измученных,измучить,AdjPtcp
1.37,почтенным,почесть,AdjPtcp
1.37,сломанную,сломать,Ptcp
1.37,повышена,повышать,Ptcp
1.37,забитые,забивать,AdjPtcp
1.37,взятая,взять,Ptcp
1.37,выделен,выделять,Ptcp
1.37,окрашенные,окрашивать,Ptcp
1.37,раскрыто,раскрывать,AdjPtcp
1.37,приставлен,приставлять,Ptcp
1.37,почтенной,почесть,AdjPtcp
1.37,вытянутую,вытянуть,AdjPtcp
1.37,увеличена,увеличивать,Ptcp
1.37,искаженные,исказить,AdjPtcp
1.37,купленных,купить,Ptcp
1.37,наигранным,наиграть,AdjPtcp
1.37,раскаленное,раскалять,AdjPtcp
1.37,прикреплены,прикреплять,Ptcp
1.37,проведенная,проводить,Ptcp
1.37,совершенную,совершить,AdjPtcp
1.37,представленных,представлять,Ptcp
1.37,заставлена,заставлять,Ptcp
1.37,натянуты,натягивать,AdjPtcp
1.37,усиленное,усилить,AdjPtcp
1.37,населенный,населить,AdjPtcp
1.37,прикованный,приковывать,Ptcp
1.37,сдвинутой,сдвигать,AdjPtcp
1.37,приглашенные,приглашать,Ptcp
1.37,восхищенный,восхитить,AdjPtcp
1.37,выкрашены,выкрасить,Ptcp
1.37,освобожденные,освобождать,Ptcp
1.37,прислан,присылать,Ptcp
1.37,переполнены,переполнять,Ptcp
1.37,упомянутые,упоминать,Ptcp
1.37,просвещенный,просветить¹,AdjPtcp
1.37,помещен,помещать,Ptcp
1.37,замаскированный,замаскировать,Ptcp
1.37,издан,издавать,Ptcp
1.37,проверенные,проверять,AdjPtcp
1.37,подобраны,подбирать,Ptcp
1.37,перевернутой,перевертывать,Ptcp
1.37,распространенная,распространять,AdjPtcp
1.37,прикрыт,прикрывать,Ptcp
1.37,отработанный,отработать,AdjPtcp
1.37,захвачены,захватить,Ptcp
1.37,заменен,заменять,Ptcp
1.31,вымощенной,вымащивать,Ptcp
1.31,замеченный,замечать,Ptcp
1.31,подбитым,подбивать,AdjPtcp
1.31,уволены,увольнять,Ptcp
1.31,обещанное,обещать,NPtcp
1.31,введена,вводить,Ptcp
1.31,устремленный,устремлять,Ptcp
1.31,распространенные,распространять,AdjPtcp
1.31,отпущенные,отпускать,Ptcp
1.31,принесенный,приносить,Ptcp
1.31,набитом,набивать,AdjPtcp
1.31,созданном,создавать,Ptcp
1.31,переполненном,переполнить,Ptcp
1.31,вытянуты,вытягивать,AdjPtcp
1.31,разделена,разделять,Ptcp
1.31,раскрытое,раскрывать,AdjPtcp
1.31,сломанный,сломать,Ptcp
1.31,обиженного,обидеть,AdjPtcp
1.31,надет,надевать,Ptcp
1.31,посвящено,посвящать,Ptcp
1.31,цивилизованные,цивилизовать,AdjPtcp
1.31,сведенные,сводить,Ptcp
1.31,уполномоченным,уполномочить,NPtcp
1.31,изданный,издавать,Ptcp
1.31,отравленные,отравлять,Ptcp
1.31,построенных,построить,Ptcp
1.31,подписана,подписывать,Ptcp
1.31,специализированные,специализировать,AdjPtcp
1.31,разработанной,разрабатывать,Ptcp
1.31,разделенные,разделять,Ptcp
1.31,завороженные,заворожить,AdjPtcp
1.31,оставлена,оставлять,Ptcp
1.31,устремлены,устремлять,Ptcp
1.31,подчинены,подчинять,AdjPtcp
1.31,зарегистрированы,зарегистрировать,Ptcp
1.31,обещанных,обещать,NPtcp
1.31,заполненные,заполнять,Ptcp
1.31,раненного,ранить,Ptcp
1.31,предоставлена,предоставлять,Ptcp
1.31,обреченным,обречь,AdjPtcp
1.31,замешаны,замешать,Ptcp
1.31,окончено,оканчивать,Ptcp
1.31,вызванная,вызывать,Ptcp
1.31,утраченной,утрачивать,Ptcp
1.31,избит,избивать,AdjPtcp
1.31,оттопыренные,оттопыривать,Ptcp
1.31,прерваны,прерывать,Ptcp
1.31,заслуженным,заслуживать,AdjPtcp
1.31,перепуганные,перепугать,Ptcp
1.31,соединенные,соединять,AdjPtcp
1.31,утомленные,утомить,AdjPtcp
1.31,ошпаренный,ошпаривать,Ptcp
1.31,униженных,унизить,AdjPtcp
1.31,взволнованные,взволновать,AdjPtcp
1.31,задетый,задеть,Ptcp
1.31,приспособлена,приспособлять,Ptcp
1.31,разбуженный,разбудить,Ptcp
1.31,настороженные,насторожить,AdjPtcp
1.31,подавленным,подавить,AdjPtcp
1.31,сложенной,слагать,AdjPtcp
1.31,предложенной,предлагать,Ptcp
1.31,покрытыми,покрывать,Ptcp
1.31,репрессированных,репрессировать,NPtcp
1.31,предупрежден,предупреждать,Ptcp
1.31,спрятанный,спрятать,Ptcp
1.31,ранено,ранить,AdjPtcp
1.31,сшитые,сшивать,Ptcp
1.31,початую,починать,Ptcp
1.31,отмеченный,отмечать,Ptcp
1.31,затруднено,затруднять,Ptcp
1.31,обусловлен,обусловливать,Ptcp
1.31,повешенных,повесить,NPtcp
1.31,закопченные,закапчивать,Ptcp
1.31,облаченный,облачать,Ptcp
1.31,привязанные,привязывать,Ptcp
1.31,обугленные,обугливать,Ptcp
1.31,предложенных,предлагать,Ptcp
1.31,надвинутой,надвигать,Ptcp
1.31,запечатлен,запечатлевать,Ptcp
1.31,налитый,наливать,Ptcp
1.31,допущен,допускать,Ptcp
1.31,растопыренные,растопыривать,Ptcp
1.31,перенесенных,перенести,Ptcp
1.31,умеренной,умерить,AdjPtcp
1.31,преданного,предать,AdjPtcp
1.31,прищуренными,прищуривать,Ptcp
1.31,возвращены,возвращать,Ptcp
1.31,выпущены,выпускать,Ptcp
1.31,сочтены,счесть,Ptcp
1.31,запрещенные,запрещать,Ptcp
1.31,протертые,протереть,AdjPtcp
1.31,арестовано,арестовывать,Ptcp
1.31,укрепленных,укреплять,Ptcp
1.31,основанного,основывать,Ptcp
1.31,выбрано,выбирать,Ptcp
1.31,сожжен,сжигать,Ptcp
1.31,запущен,запускать,AdjPtcp
1.31,нагруженные,нагружать,Ptcp
1.31,заполнена,заполнять,Ptcp
1.31,искалеченных,искалечивать,Ptcp
1.24,объединены,объединять,Ptcp
1.24,вымыты,вымывать,Ptcp
1.24,подведены,подводить,Ptcp
1.24,кончен,кончать,AdjPtcp
1.24,подавленное,подавить,AdjPtcp
1.24,указана,указывать,Ptcp
1.24,отдаленную,отдалить,AdjPtcp
1.24,сгорбленный,сгорбить,AdjPtcp
1.24,обтянутой,обтянуть,AdjPtcp
1.24,оскорбленным,оскорблять,Ptcp
1.24,осведомлены,осведомлять,AdjPtcp
1.24,оправданы,оправдывать,Ptcp
1.24,подчеркнутым,подчеркивать,AdjPtcp
1.24,выполненные,выполнять,Ptcp
1.24,разведенный,разводить,Ptcp
1.24,увлечена,увлекать,Ptcp
1.24,обставленной,обставлять,Ptcp
1.24,собранного,собрать,AdjPtcp
1.24,затянут,затягивать,AdjPtcp
1.24,измученное,измучить,AdjPtcp
1.24,замедленной,замедлять,AdjPtcp
1.24,распахнутым,распахнуть,Ptcp
1.24,совершен,совершать,Ptcp
1.24,воспринята,воспринимать,Ptcp
1.24,перевернутый,перевертывать,Ptcp
1.24,заслуженных,заслуживать,AdjPtcp
1.24,сделанными,сделать,Ptcp
1.24,преданными,предать,AdjPtcp
1.24,преданная,предать,AdjPtcp
1.24,разъяренного,разъярить,AdjPtcp
1.24,приобретенный,приобретать,Ptcp
1.24,украденное,украсть,Ptcp
1.24,вызванного,вызывать,Ptcp
1.24,рассыпанные,рассыпать,Ptcp
1.24,найденной,находить,Ptcp
1.24,приготовленного,приготавливать,Ptcp
1.24,пущен,пускать,Ptcp
1.24,вздернутый,вздёрнуть,AdjPtcp
1.24,содеянное,содеять,Ptcp
1.24,брошена,бросать,Ptcp
1.24,прерванный,прерывать,Ptcp
1.24,изъято,изымать,Ptcp
1.24,завалена,заваливать,Ptcp
1.24,сорван,сорвать,Ptcp
1.24,освобожденный,освобождать,Ptcp
1.24,подбитый,подбивать,AdjPtcp
1.24,заплачено,заплатить,Ptcp
1.24,сделанной,сделать,Ptcp
1.24,освещенному,освещать,Ptcp
1.24,приготовлен,приготавливать,Ptcp
1.24,поставленным,поставлять,Ptcp
1.24,использовано,использовать,Ptcp
1.24,изысканными,изыскать,AdjPtcp
1.24,обозначена,обозначать,Ptcp
1.24,расставленных,расставлять,Ptcp
1.24,заполненных,заполнять,Ptcp
1.24,цивилизованной,цивилизовать,AdjPtcp
1.24,запущенный,запустить,AdjPtcp
1.24,связанном,связать,AdjPtcp
1.24,украшен,украшать,Ptcp
1.24,переполнена,переполнять,Ptcp
1.24,оторванным,отрывать,Ptcp
1.24,размытые,размыть,AdjPtcp
1.24,сшитый,сшивать,Ptcp
1.24,обвинен,обвинять,Ptcp
1.24,брошенного,бросать,Ptcp
1.24,застрелен,застреливать,Ptcp
1.24,сбиты,сбивать,AdjPtcp
1.24,намеченному,намечать,Ptcp
1.24,решены,решать,Ptcp
1.24,одаренных,одарить,AdjPtcp
1.24,ограниченную,ограничить,AdjPtcp
1.24,возбужденной,возбуждать,AdjPtcp
1.24,нагретого,нагревать,Ptcp
1.24,растерянных,растерять,AdjPtcp
1.24,окровавленные,окровавить,AdjPtcp
1.24,огороженный,огораживать,Ptcp
1.24,сданы,сдавать,Ptcp
1.24,прикрытых,прикрывать,Ptcp
1.24,квалифицированного,квалифицировать,AdjPtcp
1.24,изысканной,изыскать,AdjPtcp
1.24,встревожен,встревожить,Ptcp
1.24,потрачено,потратить,Ptcp
1.24,настороженное,насторожить,AdjPtcp
1.24,запутанные,запутать,AdjPtcp
1.24,завершен,завершать,Ptcp
1.24,расстрелянного,расстреливать,Ptcp
1.24,заключены,заключать,AdjPtcp
1.24,приспособленный,приспособлять,Ptcp
1.24,предусмотрены,предусматривать,Ptcp
1.24,спета,спеть,Ptcp
1.24,ограниченных,ограничить,AdjPtcp
1.24,свернутые,свернуть,AdjPtcp
1.24,собранная,собрать,AdjPtcp
1.24,снятых,снимать,AdjPtcp
1.24,уверенного,уверить,AdjPtcp
1.24,приведена,приводить,Ptcp
1.24,приведенных,приводить,Ptcp
1.24,предусмотрен,предусматривать,Ptcp
1.24,привезенных,привозить,Ptcp
1.24,закреплен,закреплять,Ptcp
1.24,украшенной,украшать,Ptcp
1.24,встревоженная,встревожить,Ptcp
1.24,пораженного,поражать,Ptcp
1.18,распространенному,распространить,AdjPtcp
1.18,усиленные,усилить,AdjPtcp
1.18,разрушенный,разрушать,Ptcp
1.18,пробитые,пробивать,Ptcp
1.18,испуганных,испугать,AdjPtcp
1.18,придуманные,придумывать,Ptcp
1.18,испытанное,испытать,AdjPtcp
1.18,излюбленный,излюбить,AdjPtcp
1.18,поглощены,поглощать,AdjPtcp
1.18,обутые,обувать,AdjPtcp
1.18,удивленным,удивить,AdjPtcp
1.18,никелированные,никелировать,AdjPtcp
1.18,заслуженные,заслуживать,AdjPtcp
1.18,раздраженным,раздражить,AdjPtcp
1.18,проклятом,проклясть,AdjPtcp
1.18,замкнут,замыкать,AdjPtcp
1.18,причесанная,причесывать,AdjPtcp
1.18,испуганной,испугать,AdjPtcp
1.18,произведено,производить,Ptcp
1.18,пройденного,проходить,Ptcp
1.18,продана,продавать,Ptcp
1.18,уверенное,уверить,AdjPtcp
1.18,услышанным,услышать,NPtcp
1.18,приспособлены,приспособлять,Ptcp
1.18,изысканный,изыскать,AdjPtcp
1.18,раздавленный,раздавливать,Ptcp
1.18,рассыпаны,рассыпать,Ptcp
1.18,выстроены,выстраивать,Ptcp
1.18,совершена,совершать,Ptcp
1.18,начата,начинать,Ptcp
1.18,перенесенного,перенести,Ptcp
1.18,оценены,оценивать,Ptcp
1.18,зарыта,зарывать,Ptcp
1.18,изобретены,изобретать,Ptcp
1.18,запрещенных,запрещать,Ptcp
1.18,снятый,снимать,Ptcp
1.18,нарисованными,нарисовать,Ptcp
1.18,запыленного,запылить,Ptcp
1.18,придуманы,придумывать,Ptcp
1.18,скованный,сковать,AdjPtcp
1.18,сделанным,сделать,Ptcp
1.18,отравленной,отравлять,Ptcp
1.18,залитым,заливать,Ptcp
1.18,оборванных,оборвать,AdjPtcp
1.18,нацелены,нацеливать,Ptcp
1.18,застрахован,застраховывать,Ptcp
1.18,казнен,казнить,Ptcp
1.18,предъявлено,предъявлять,Ptcp
1.18,поглощенный,поглотить,AdjPtcp
1.18,раскаленных,раскалять,AdjPtcp
1.18,окруженную,окружать,Ptcp
1.18,изгнан,изгонять,Ptcp
1.18,вывернутыми,выворачивать,Ptcp
1.18,призвана,призывать,AdjPtcp
1.18,распространены,распространять,AdjPtcp
1.18,специализированных,специализировать,AdjPtcp
1.18,строен,страивать,AdjPtcp
1.18,обветренные,обветрить,AdjPtcp
1.18,объединенной,объединять,Ptcp
1.18,покинутого,покидать,AdjPtcp
1.18,снятом,снимать,AdjPtcp
1.18,одаренный,одарить,AdjPtcp
1.18,обреченные,обречь,AdjPtcp
1.18,пониженной,понизить,AdjPtcp
1.18,расположенная,располагать,AdjPtcp
1.18,назначены,назначать,Ptcp
1.18,виденное,видеть,Ptcp
1.18,развитое,развить,AdjPtcp
1.18,перепуганных,перепугать,Ptcp
1.18,наигранной,наигрывать,AdjPtcp
1.18,прописаны,прописывать,Ptcp
1.18,увиденным,увидеть,NPtcp
1.18,заплаканные,заплакать,AdjPtcp
1.18,защищенный,защищать,Ptcp
1.18,подчинена,подчинять,AdjPtcp
1.18,приобретенных,приобретать,Ptcp
1.18,приобретенные,приобретать,Ptcp
1.18,предложена,предлагать,Ptcp
1.18,распахнутое,распахнуть,Ptcp
1.18,заведенные,заводить,Ptcp
1.18,сорванные,сорвать,Ptcp
1.18,увиденном,увидеть,NPtcp
1.18,собрана,собирать,Ptcp
1.18,проделанной,проделывать,Ptcp
1.18,произнесенных,произносить,Ptcp
1.18,зафиксирован,зафиксировать,Ptcp
1.18,оживленной,оживить,AdjPtcp
1.18,избранной,избрать,AdjPtcp
1.18,уверенными,уверить,AdjPtcp
1.18,построенного,построить,Ptcp
1.18,уложенные,укладывать,Ptcp
1.18,обращена,обращать,Ptcp
1.18,образованная,образовать,AdjPtcp
1.18,прерван,прерывать,Ptcp
1.18,затянутое,затягивать,AdjPtcp
1.18,опущен,опускать,Ptcp
1.18,налажена,налаживать,Ptcp
1.18,оторванной,отрывать,Ptcp
1.18,зафиксирована,зафиксировать,Ptcp
1.18,оторван,отрывать,Ptcp
1.18,нанесенные,наносить,Ptcp
1.18,похоронена,похоронить,Ptcp
1.18,заданный,задать,AdjPtcp
1.18,выбритое,выбривать,Ptcp
1.18,убежденным,убедить,AdjPtcp
1.18,лишенного,лишить,AdjPtcp
1.18,отраженным,отразить,AdjPtcp
1.18,заданную,задать,AdjPtcp
1.18,закутанная,закутывать,Ptcp
1.18,заданном,задавать,AdjPtcp
1.18,исписанных,исписывать,Ptcp
1.18,организованное,организовать,AdjPtcp
1.18,исписанный,исписывать,Ptcp
1.18,отпущены,отпускать,Ptcp
1.18,сожженной,сжигать,Ptcp
1.18,законченной,заканчивать,AdjPtcp
1.18,оставлено,оставлять,Ptcp
1.18,обставлена,обставлять,Ptcp
1.18,учтено,учитывать,Ptcp
1.18,нарисованным,нарисовать,Ptcp
1.18,уполномочен,уполномочивать,Ptcp
1.18,отдан,отдавать,Ptcp
1.18,придуманная,придумывать,Ptcp
1.11,наполненную,наполнять,Ptcp
1.11,смешанного,смешать,AdjPtcp
1.11,нагретую,нагревать,Ptcp
1.11,отделена,отделять,Ptcp
1.11,заваленного,заваливать,Ptcp
1.11,привезенный,привозить,Ptcp
1.11,оскорбленных,оскорблять,Ptcp
1.11,истощенных,истощить,AdjPtcp
1.11,заменены,заменять,Ptcp
1.11,выстроенный,выстраивать,Ptcp
1.11,заготовлено,заготавливать,Ptcp
1.11,осужденные,осудить,NPtcp
1.11,высушенные,высушивать,Ptcp
1.11,выпущенный,выпускать,Ptcp
1.11,повышенном,повысить,AdjPtcp
1.11,выбранных,выбирать,Ptcp
1.11,убитую,убить,AdjPtcp
1.11,сдвинута,сдвигать,AdjPtcp
1.11,окрашены,окрашивать,Ptcp
1.11,выдумано,выдумывать,Ptcp
1.11,лишенную,лишить,AdjPtcp
1.11,нацелен,нацеливать,Ptcp
1.11,зачарованный,зачаровать,AdjPtcp
1.11,поставленная,поставлять,Ptcp
1.11,побежденным,побеждать,Ptcp
1.11,затянутых,затягивать,AdjPtcp
1.11,сбитая,сбивать,AdjPtcp
1.11,заляпанные,заляпывать,Ptcp
1.11,содеянном,содеять,Ptcp
1.11,усиленная,усиливать,AdjPtcp
1.11,ограниченными,ограничить,AdjPtcp
1.11,выполненных,выполнять,Ptcp
1.11,вкопанная,вкопать,Ptcp
1.11,высказанной,высказывать,Ptcp
1.11,сожженных,сжигать,Ptcp
1.11,увешаны,увешать,Ptcp
1.11,надутый,надуть,AdjPtcp
1.11,приподнятое,приподымать,AdjPtcp
1.11,недопитый,недопивать,Ptcp
1.11,озабочена,озабочивать,AdjPtcp
1.11,сказанному,сказать,Ptcp
1.11,разработаны,разрабатывать,Ptcp
1.11,отпечатанный,отпечатывать,Ptcp
1.11,преданной,предать,AdjPtcp
1.11,потерянной,потерять,AdjPtcp
1.11,указанное,указать,AdjPtcp
1.11,начертано,начертать,Ptcp
1.11,оказана,оказывать,Ptcp
1.11,избалованный,избаловывать,AdjPtcp
1.11,заложенные,закладывать,Ptcp
1.11,натянутые,натягивать,AdjPtcp
1.11,выданный,выдавать,Ptcp
1.11,отрезанный,отрезать,Ptcp
1.11,выданные,выдавать,Ptcp
1.11,ранена,ранить,AdjPtcp
1.11,распространенной,распространять,AdjPtcp
1.11,заброшен,забросить,Ptcp
1.11,оснащены,оснащать,Ptcp
1.11,вызванной,вызывать,Ptcp
1.11,выложена,выкладывать,Ptcp
1.11,оборудованных,оборудовать,Ptcp
1.11,оборудованный,оборудовать,Ptcp
1.11,изогнутой,изогнуть,AdjPtcp
1.11,воспрещен,воспрещать,Ptcp
1.11,поношенные,поносить¹,AdjPtcp
1.11,вытянутым,вытягивать,AdjPtcp
1.11,ободранный,обдирать,Ptcp
1.11,казненных,казнить,Ptcp
1.11,урожденная,уродить,AdjPtcp
1.11,натянут,натягивать,AdjPtcp
1.11,покинутой,покидать,AdjPtcp
1.11,контужен,контузить,AdjPtcp
1.11,нагретый,нагревать,Ptcp
1.11,смущена,смущать,AdjPtcp
1.11,заслуженную,заслужить,AdjPtcp
1.11,расстегнута,расстегнуть,Ptcp
1.11,опубликованный,опубликовывать,Ptcp
1.11,удивленными,удивить,AdjPtcp
1.11,виденных,видеть,Ptcp
1.11,оскаленные,оскаливать,Ptcp
1.11,преувеличенным,преувеличить,AdjPtcp
1.11,выбранного,выбирать,Ptcp
1.11,устранены,устранять,Ptcp
1.11,выставленных,выставлять,Ptcp
1.11,снижена,снижать,Ptcp
1.11,подчинен,подчинять,AdjPtcp
1.11,потерянные,потерять,AdjPtcp
1.11,развернутый,развернуть,AdjPtcp
1.11,снижен,снижать,Ptcp
1.11,накопленное,накоплять,Ptcp
1.11,украденный,украсть,Ptcp
1.11,выброшенные,выбрасывать,Ptcp
1.11,оформлены,оформлять,Ptcp
1.11,разбитому,разбивать,AdjPtcp
1.11,запущенных,запустить,AdjPtcp
1.11,наметанный,наметать,Ptcp
1.11,подбитые,подбивать,AdjPtcp
1.11,исполненным,исполнять,Ptcp
1.11,защищена,защищать,Ptcp
1.11,выдвинуты,выдвигать,Ptcp
1.11,прибиты,прибивать,Ptcp
1.11,застегнутом,застегнуть,Ptcp
1.11,убрана,убирать,Ptcp
1.11,изучены,изучать,Ptcp
1.11,свалены,сваливать,Ptcp
1.11,осуществлена,осуществлять,Ptcp
1.11,сбитым,сбивать,AdjPtcp
1.11,отполированный,отполировывать,Ptcp
1.11,разрешен,разрешать,Ptcp
1.11,обнажена,обнажать,AdjPtcp
1.11,согласовано,согласовывать,Ptcp
1.11,заинтересованным,заинтересовать,AdjPtcp
1.11,подвешенной,подвешивать,Ptcp
1.11,прочитанные,прочитывать,Ptcp
1.11,оборудован,оборудовать,Ptcp
1.11,распахнутую,распахнуть,Ptcp
1.11,запряженных,запрягать,Ptcp
1.11,излюбленным,излюбить,AdjPtcp
1.11,настроенный,настраивать,AdjPtcp
1.11,допущенные,допускать,Ptcp
1.11,накрашенная,накрасить,Ptcp
1.11,подтянут,подтягивать,AdjPtcp
1.11,ожесточенной,ожесточить,AdjPtcp
1.11,вверенного,вверять,Ptcp
1.11,запряженная,запрягать,Ptcp
1.11,растерянное,растерять,AdjPtcp
1.11,промасленной,промасливать,AdjPtcp
1.11,продуманная,продумывать,AdjPtcp
1.11,развитым,развить,AdjPtcp
1.11,налажено,налаживать,Ptcp
1.11,растрепанный,растрепать,AdjPtcp
1.11,натопленной,натапливать,Ptcp
1.11,поднятую,подымать,Ptcp
1.11,арестована,арестовывать,Ptcp
1.11,вынужденных,вынудить,AdjPtcp
1.11,измученная,измучивать,AdjPtcp
1.11,усеянный,усеивать,Ptcp
1.11,зарыт,зарывать,Ptcp
1.11,скомканные,скомкивать,Ptcp
1.11,заведенному,заводить,Ptcp
1.11,купленное,купить,Ptcp
1.11,заправленных,заправлять,Ptcp
1.05,эмалированной,эмалировать,AdjPtcp
1.05,вытянутое,вытянуть,AdjPtcp
1.05,вверенной,вверять,Ptcp
1.05,затянутая,затягивать,AdjPtcp
1.05,заспанная,заспать,AdjPtcp
1.05,намерено,намерить,AdjPtcp
1.05,сконфуженный,сконфузить,Ptcp
1.05,предназначенную,предназначать,Ptcp
1.05,потертом,потереть,AdjPtcp
1.05,пробитой,пробивать,Ptcp
1.05,понятых,понимать,NPtcp
1.05,развернутой,развертывать,AdjPtcp
1.05,найденным,находить,Ptcp
1.05,размеренной,размерить,AdjPtcp
1.05,подданным,подать,NPtcp
1.05,расстреляно,расстреливать,Ptcp
1.05,превращены,превращать,Ptcp
1.05,задранными,задирать,Ptcp
1.05,перенесен,перенести,Ptcp
1.05,затруднена,затруднять,Ptcp
1.05,уставлен,уставлять,Ptcp
1.05,спрятанные,спрятать,Ptcp
1.05,созданную,создавать,Ptcp
1.05,настороженным,насторожить,AdjPtcp
1.05,сослан,ссылать,Ptcp
1.05,опущена,опускать,Ptcp
1.05,населенном,населить,AdjPtcp
1.05,основанных,основывать,Ptcp
1.05,рассчитанная,рассчитать,Ptcp
1.05,оставленное,оставлять,Ptcp
1.05,нарушено,нарушать,Ptcp
1.05,разделен,разделять,AdjPtcp
1.05,выпущенная,выпускать,Ptcp
1.05,оживленная,оживить,AdjPtcp
1.05,заданной,задать,AdjPtcp
1.05,записанное,записывать,Ptcp
1.05,обусловленных,обусловливать,Ptcp
1.05,заваленной,заваливать,Ptcp
1.05,перевернутая,перевертывать,Ptcp
1.05,вышитыми,вышивать,AdjPtcp
1.05,предоставлено,предоставлять,Ptcp
1.05,сдержанного,сдержать,AdjPtcp
1.05,усиленным,усилить,AdjPtcp
1.05,предложенные,предлагать,Ptcp
1.05,обеспокоен,обеспокоить,Ptcp
1.05,напряженную,напрячь,AdjPtcp
1.05,прищуренные,прищуривать,Ptcp
1.05,зарегистрирована,зарегистрировать,Ptcp
1.05,повязана,повязывать,Ptcp
1.05,объявлены,объявлять,Ptcp
1.05,утраченных,утрачивать,Ptcp
1.05,выбитыми,выбивать,Ptcp
1.05,возвышенное,возвысить,AdjPtcp
1.05,возбужденных,возбудить,AdjPtcp
1.05,разделено,разделять,Ptcp
1.05,возбужденным,возбуждать,AdjPtcp
1.05,направленная,направлять,AdjPtcp
1.05,сваленных,сваливать,Ptcp
1.05,набитое,набить,AdjPtcp
1.05,намеченного,намечать,Ptcp
1.05,вписаны,вписывать,Ptcp
1.05,запутанной,запутывать,AdjPtcp
1.05,заполненный,заполнять,Ptcp
1.05,замкнутых,замыкать,AdjPtcp
1.05,зарегистрированных,зарегистрировать,Ptcp
1.05,вложено,вкладывать,Ptcp
1.05,простуженным,простужать,Ptcp
1.05,пущены,пускать,Ptcp
1.05,скрюченными,скрючивать,Ptcp
1.05,обложенный,обкладывать,Ptcp
1.05,излюбленные,излюбить,AdjPtcp
1.05,опущенным,опускать,Ptcp
1.05,распространена,распространять,AdjPtcp
1.05,расписано,расписывать,Ptcp
1.05,сломан,сломать,Ptcp
1.05,перевернутые,перевертывать,Ptcp
1.05,оживленных,оживить,AdjPtcp
1.05,окрашенных,окрашивать,Ptcp
1.05,перевернуто,перевертывать,Ptcp
1.05,сцепленные,сцеплять,Ptcp
1.05,бронированные,бронировать,AdjPtcp
1.05,организованным,организовать,AdjPtcp
1.05,смешанной,смешать,AdjPtcp
1.05,сдвинуты,сдвигать,AdjPtcp
1.05,организованные,организовать,AdjPtcp
1.05,призванные,призвать,AdjPtcp
1.05,надеты,надевать,Ptcp
1.05,изобретен,изобретать,Ptcp
1.05,окруженное,окружать,Ptcp
1.05,охвачены,охватывать,Ptcp
1.05,ограниченная,ограничить,AdjPtcp
1.05,накрашенные,накрасить,Ptcp
1.05,полуоткрытой,полуоткрыть,AdjPtcp
1.05,исполненного,исполнять,Ptcp
1.05,выбранной,выбирать,Ptcp
1.05,разжалован,разжаловать,Ptcp
1.05,униженный,унизить,AdjPtcp
1.05,отведенный,отводить,Ptcp
1.05,гарантирован,гарантировать,AdjPtcp
1.05,принятому,принимать,AdjPtcp
1.05,усеян,усеивать,Ptcp
1.05,освещенным,освещать,Ptcp
1.05,обветренное,обветрить,AdjPtcp
1.05,окружено,окружать,Ptcp
1.05,усыпанной,усыпать,Ptcp
1.05,ожесточенные,ожесточить,AdjPtcp
1.05,украшена,украшать,Ptcp
1.05,искаженным,исказить,AdjPtcp
1.05,выставлена,выставлять,Ptcp
1.05,перебиты,перебивать,Ptcp
1.05,подвешенный,подвешивать,Ptcp
1.05,предназначенного,предназначать,Ptcp
1.05,распространен,распространять,AdjPtcp
1.05,развешанные,развешивать,Ptcp
1.05,растерянные,растерять,AdjPtcp
1.05,накрашенными,накрасить,Ptcp
1.05,замкнутого,замкнуть,AdjPtcp
1.05,включена,включать,Ptcp
1.05,расстроена,расстраивать,AdjPtcp
1.05,обломанными,обломать,Ptcp
1.05,расположенное,расположить,AdjPtcp
1.05,выпитой,выпивать,Ptcp
1.05,принятая,принимать,AdjPtcp
1.05,восстановлено,восстанавливать,Ptcp
1.05,описанного,описывать,Ptcp
1.05,уделено,уделять,Ptcp
1.05,законченного,закончить,AdjPtcp
1.05,расстегнутых,расстегнуть,Ptcp
1.05,окруженных,окружать,Ptcp
1.05,унижен,унижать,AdjPtcp
1.05,куплена,купить,Ptcp
1.05,упомянут,упоминать,Ptcp
1.05,присланные,присылать,Ptcp
1.05,выставлен,выставлять,Ptcp
1.05,вооруженное,вооружить,AdjPtcp
1.05,сохранена,сохранять,Ptcp
1.05,замаскированные,замаскировать,Ptcp
1.05,изощренным,изощрить,AdjPtcp
1.05,пущенная,пускать,Ptcp
1.05,утвержденный,утверждать,Ptcp
1.05,окровавленного,окровавить,AdjPtcp
1.05,замученных,замучивать,Ptcp
1.05,облепленные,облеплять,Ptcp
1.05,перевернутую,перевертывать,Ptcp
1.05,выполненного,выполнять,Ptcp
1.05,вывернутые,выворачивать,Ptcp
1.05,записанных,записывать,Ptcp
1.05,сморщенное,сморщить,AdjPtcp
1.05,поверенного,поверить,NPtcp
1.05,потерянное,потерять,AdjPtcp
1.05,замкнутая,замкнуть,AdjPtcp
1.05,предрешен,предрешать,Ptcp
1.05,высказанное,высказывать,Ptcp
1.05,разбросанными,разбрасывать,Ptcp
1.05,вооруженную,вооружить,AdjPtcp
1.05,отраженный,отразить,AdjPtcp
1.05,объединенные,объединять,Ptcp
1.05,послано,посылать,Ptcp
1.05,развороченной,разворачивать,Ptcp
1.05,приготовлена,приготавливать,Ptcp
1.05,взятым,взять,Ptcp
1.05,нарезанные,нарезать,Ptcp
1.05,принесенной,приносить,Ptcp
1.05,скомканный,скомкивать,Ptcp
1.05,расширенных,расширить,AdjPtcp
1.05,названного,называть,Ptcp
1.05,занесенные,занести,Ptcp
1.05,подданными,подать,NPtcp
1.05,привлечен,привлекать,Ptcp
1.05,надетой,надевать,Ptcp
1.05,привязанная,привязывать,Ptcp
1.05,вылитая,вылить,AdjPtcp
1.05,изгнанный,изгонять,Ptcp
1.05,посвященного,посвящать,Ptcp
1.05,подготовленной,подготовить,Ptcp
1.05,повышенные,повысить,AdjPtcp
1.05,оборванными,оборвать,AdjPtcp
